ENDCHAPTER,NC_TOOLS,,,,,,,,,,,,,,,,,,,,,,,,,,,,,,,,,,,,,,,,,,,,,,,,,,,,,,,,,,,,,,,,,,,,,,,,,,,,,,,,,,,,,,
Keywords,MFG_NAME_BAS,MFG_NAME,MFG_ORDER_CODE,MFG_INS_COMMENT,MFG_ISO_SHAPE,MFG_ISO_CLR_ANG,MFG_ISO_TOL,MFG_ISO_TYPE,MFG_ISO_CUT_SIZE,MFG_ISO_THICK,MFG_ISO_NOSE_RAD,MFG_ISO_CUTCOND,MFG_ISO_DIR,MFG_MANUF_OPTION,MFG_INSERT_FORM,MFG_MACH_QUALITY,MFG_INSERT_MAT,MFG_LIFE_TIME,MFG_LIFE_LGTH,MFG_INSCRIB_DIAM,MFG_INSERT_LGTH,MFG_INSERT_THICK,MFG_NOSE_RADIUS,MFG_CLEAR_ANGLE,MFG_INSERT_ANGLE,MFG_COMMENT,MFG_COMPOSITION,MFG_ISO_CLAM_SYS,MFG_ISO_APPR_ANG,MFG_ISO_HEIGHT,MFG_ISO_WIDTH,MFG_ISO_LENGTH,MFG_TRAILING_ANG,MFG_LEADING_ANG,MFG_TL_RAKE_ANG,MFG_INCL_ANGLE,MFG_MAX_REC_DPTH,MFG_SHANK_HEIGHT,MFG_SHANK_WIDTH,MFG_SHK_LENGTH_1,MFG_SHK_LENGTH_2,MFG_SHK_CUT_WDTH,MFG_KAPPA_R,MFG_GAGE_X1,MFG_GAGE_Y1,MFG_GAGE_Z1,MFG_GAGE_X2,MFG_GAGE_Y2,MFG_GAGE_Z2,MFG_ANG_X,MFG_ANG_Y,MFG_ANG_Z,MFG_HAND_TYPE,MFG_HAND_ANGLE,MFG_INSERT_WIDTH,MFG_MIN_CUT_WDTH,MFG_MAX_CUT_WDTH,MFG_MAX_CUT_DPTH,MFG_GAUGING_ANG,MFG_MAX_CUT_DIAM,MFG_MIN_CUT_DIAM,MFG_CUT_LENGTH,MFG_NOSE_RAD_1,MFG_NOSE_RAD_2,MFG_BOTTOM_ANGLE,MFG_FLANK_ANG_1,MFG_FLANK_ANG_2,MFG_MIN_DIAM,MFG_BAR_CUT_RAD,MFG_BAR_LENGTH_1,MFG_BAR_LENGTH_2,MFG_BODY_DIAM,MFG_ISO_BAR_DIA,MFG_ISO_BAR_TYPE,MFG_MAX_BOR_DPTH,MFG_MANUF_NAME,MFG_HAND_STYLE,MFG_MACH_TYPE,MFG_PITCH_OF_THREAD,MFG_THREAD_UNIT,MFG_THREAD_PROF,MFG_THREAD_ANGLE,MFG_TOOTH_X,MFG_TOOTH_Z,MFG_TOOTH_H,
Types,String,String,String,String,String,String,String,String,String,String,String,String,String,String,String,String,String,Real,mm,mm,mm,mm,mm,deg,deg,String,String,String,String,String,String,String,deg,deg,deg,deg,mm,mm,mm,mm,mm,mm,deg,mm,mm,mm,mm,mm,mm,deg,deg,deg,String,deg,mm,mm,mm,mm,deg,mm,mm,mm,mm,mm,deg,deg,deg,mm,mm,mm,mm,mm,String,String,mm,String,String,String,mm,String,String,deg,mm,mm,mm,
,MfgDiamondInsert,"DNMG110404","DNMG110404",,"D","N","M","G","11","04","04",,"R",,"NEGATIVE","EITHER","COATED_CARBIDE",,0.0,9.525,11.6,4.760000000000001,0.4,0.0,55.0,,,,,,,,,,,,,,,,,,,,,,,,,,,,,,,,,,,,,,,,,,,,,,,,,,,,,,,,,,,,,
,MfgDiamondInsert,"CNMA120408","CNMA120408",,"C","N","M","A","12","04","08",,"R",,"NEGATIVE","EITHER","COATED_CARBIDE",,0.0,12.7,12.9,4.760000000000001,0.8,0.0,80.0,,,,,,,,,,,,,,,,,,,,,,,,,,,,,,,,,,,,,,,,,,,,,,,,,,,,,,,,,,,,,
,MfgDiamondInsert,"CNMA120412","CNMA120412",,"C","N","M","A","12","04","12",,"R",,"NEGATIVE","EITHER","COATED_CARBIDE",,0.0,12.7,12.9,4.760000000000001,1.2,0.0,80.0,,,,,,,,,,,,,,,,,,,,,,,,,,,,,,,,,,,,,,,,,,,,,,,,,,,,,,,,,,,,,
,MfgDiamondInsert,"CNMA120416","CNMA120416",,"C","N","M","A","12","04","16",,"R",,"NEGATIVE","EITHER","COATED_CARBIDE",,0.0,12.7,12.9,4.760000000000001,1.6,0.0,80.0,,,,,,,,,,,,,,,,,,,,,,,,,,,,,,,,,,,,,,,,,,,,,,,,,,,,,,,,,,,,,
,MfgDiamondInsert,"CNMA190616","CNMA190616",,"C","N","M","A","19","06","16",,"R",,"NEGATIVE","EITHER","COATED_CARBIDE",,0.0,19.05,19.3,6.35,1.6,0.0,80.0,,,,,,,,,,,,,,,,,,,,,,,,,,,,,,,,,,,,,,,,,,,,,,,,,,,,,,,,,,,,,
,MfgDiamondInsert,"CNMG090308","CNMG090308",,"C","N","M","G","09","03","04",,"R",,"NEGATIVE","EITHER","COATED_CARBIDE",,0.0,9.525,9.0,3.18,0.8,0.0,80.0,,,,,,,,,,,,,,,,,,,,,,,,,,,,,,,,,,,,,,,,,,,,,,,,,,,,,,,,,,,,,
,MfgDiamondInsert,"CNMG120404","CNMG120404",,"C","N","M","G","12","04","04",,"R",,"NEGATIVE","EITHER","COATED_CARBIDE",,0.0,12.7,12.9,4.760000000000001,0.4,0.0,80.0,,,,,,,,,,,,,,,,,,,,,,,,,,,,,,,,,,,,,,,,,,,,,,,,,,,,,,,,,,,,,
,MfgDiamondInsert,"CNMG120408","CNMG120408",,"C","N","M","G","12","04","08",,"R",,"NEGATIVE","EITHER","COATED_CARBIDE",,0.0,12.7,12.9,4.760000000000001,0.8,0.0,80.0,,,,,,,,,,,,,,,,,,,,,,,,,,,,,,,,,,,,,,,,,,,,,,,,,,,,,,,,,,,,,
,MfgDiamondInsert,"CNMG120412","CNMG120412",,"C","N","M","G","12","04","12",,"R",,"NEGATIVE","EITHER","COATED_CARBIDE",,0.0,12.7,12.9,4.760000000000001,1.2,0.0,80.0,,,,,,,,,,,,,,,,,,,,,,,,,,,,,,,,,,,,,,,,,,,,,,,,,,,,,,,,,,,,,
,MfgDiamondInsert,"CNMG190612","CNMG190612",,"C","N","M","G","19","06","12",,"R",,"NEGATIVE","EITHER","COATED_CARBIDE",,0.0,19.05,19.3,6.35,1.2,0.0,80.0,,,,,,,,,,,,,,,,,,,,,,,,,,,,,,,,,,,,,,,,,,,,,,,,,,,,,,,,,,,,,
,MfgDiamondInsert,"DNMG150604","DNMG150604",,"D","N","M","G","15","06","04",,"R",,"NEGATIVE","EITHER","COATED_CARBIDE",,0.0,12.7,15.5,6.35,0.4,0.0,55.0,,,,,,,,,,,,,,,,,,,,,,,,,,,,,,,,,,,,,,,,,,,,,,,,,,,,,,,,,,,,,
,MfgDiamondInsert,"DNMG150608","DNMG150608",,"D","N","M","G","15","06","08",,"R",,"NEGATIVE","EITHER","COATED_CARBIDE",,0.0,12.7,15.5,6.35,0.8,0.0,55.0,,,,,,,,,,,,,,,,,,,,,,,,,,,,,,,,,,,,,,,,,,,,,,,,,,,,,,,,,,,,,
,MfgDiamondInsert,"CCGX060202","CCGX060202",,"C","C","G","X","06","02","02",,"R",,"POSITIVE","EITHER","COATED_CARBIDE",,0.0,6.35,6.45,2.3800000000000003,0.2,7.0,80.0,,,,,,,,,,,,,,,,,,,,,,,,,,,,,,,,,,,,,,,,,,,,,,,,,,,,,,,,,,,,,
,MfgDiamondInsert,"CCGX060204","CCGX060204",,"C","C","G","X","06","02","04",,"R",,"POSITIVE","EITHER","COATED_CARBIDE",,0.0,6.35,6.45,2.3800000000000003,0.4,7.0,80.0,,,,,,,,,,,,,,,,,,,,,,,,,,,,,,,,,,,,,,,,,,,,,,,,,,,,,,,,,,,,,
,MfgDiamondInsert,"CCMT060204","CCMT060204",,"C","C","M","T","06","02","04",,"R",,"POSITIVE","EITHER","COATED_CARBIDE",,0.0,6.35,6.45,2.3800000000000003,0.4,7.0,80.0,,,,,,,,,,,,,,,,,,,,,,,,,,,,,,,,,,,,,,,,,,,,,,,,,,,,,,,,,,,,,
,MfgDiamondInsert,"CCMT060208","CCMT060208",,"C","C","M","T","06","02","08",,"R",,"POSITIVE","EITHER","COATED_CARBIDE",,0.0,6.35,6.45,2.3800000000000003,0.8,7.0,80.0,,,,,,,,,,,,,,,,,,,,,,,,,,,,,,,,,,,,,,,,,,,,,,,,,,,,,,,,,,,,,
,MfgDiamondInsert,"CCMT090304","CCMT090304",,"C","C","M","T","09","03","04",,"R",,"POSITIVE","EITHER","COATED_CARBIDE",,0.0,9.525,9.67,3.18,0.4,7.0,80.0,,,,,,,,,,,,,,,,,,,,,,,,,,,,,,,,,,,,,,,,,,,,,,,,,,,,,,,,,,,,,
,MfgDiamondInsert,"CCMT090308","CCMT090308",,"C","C","M","T","09","03","08",,"R",,"POSITIVE","EITHER","COATED_CARBIDE",,0.0,9.525,9.67,3.18,0.8,7.0,80.0,,,,,,,,,,,,,,,,,,,,,,,,,,,,,,,,,,,,,,,,,,,,,,,,,,,,,,,,,,,,,
,MfgDiamondInsert,"CCMT09T304","CCMT09T304",,"C","C","M","T","09","T3","04",,"R",,"POSITIVE","EITHER","COATED_CARBIDE",,0.0,9.525,9.67,3.9699999999999998,0.4,7.0,80.0,,,,,,,,,,,,,,,,,,,,,,,,,,,,,,,,,,,,,,,,,,,,,,,,,,,,,,,,,,,,,
,MfgDiamondInsert,"CCMT09T308","CCMT09T308",,"C","C","M","T","09","T3","08",,"R",,"POSITIVE","EITHER","COATED_CARBIDE",,0.0,9.525,9.67,3.9699999999999998,0.8,7.0,80.0,,,,,,,,,,,,,,,,,,,,,,,,,,,,,,,,,,,,,,,,,,,,,,,,,,,,,,,,,,,,,
,MfgDiamondInsert,"CCMT120408","CCMT120408",,"C","C","M","T","12","04","08",,"R",,"POSITIVE","EITHER","COATED_CARBIDE",,0.0,12.7,12.9,4.760000000000001,0.8,7.0,80.0,,,,,,,,,,,,,,,,,,,,,,,,,,,,,,,,,,,,,,,,,,,,,,,,,,,,,,,,,,,,,
,MfgDiamondInsert,"CCMT120404","CCMT120404",,"C","C","M","T","12","04","04",,"R",,"POSITIVE","EITHER","COATED_CARBIDE",,0.0,12.7,12.9,4.760000000000001,0.4,7.0,80.0,,,,,,,,,,,,,,,,,,,,,,,,,,,,,,,,,,,,,,,,,,,,,,,,,,,,,,,,,,,,,
,MfgDiamondInsert,"CCMT160508","CCMT160508",,"C","C","M","T","16","05","08",,"R",,"POSITIVE","EITHER","COATED_CARBIDE",,0.0,15.875,16.1,5.56,0.8,7.0,80.0,,,,,,,,,,,,,,,,,,,,,,,,,,,,,,,,,,,,,,,,,,,,,,,,,,,,,,,,,,,,,
,MfgDiamondInsert,"DCMT070202","DCMT070202",,"D","C","M","T","07","02","02",,"R",,"POSITIVE","EITHER","COATED_CARBIDE",,0.0,6.35,7.75,2.3800000000000003,0.2,7.0,55.0,,,,,,,,,,,,,,,,,,,,,,,,,,,,,,,,,,,,,,,,,,,,,,,,,,,,,,,,,,,,,
,MfgDiamondInsert,"DCMT070204","DCMT070204",,"D","C","M","T","07","02","04",,"R",,"POSITIVE","EITHER","COATED_CARBIDE",,0.0,6.35,7.75,2.3800000000000003,0.4,7.0,55.0,,,,,,,,,,,,,,,,,,,,,,,,,,,,,,,,,,,,,,,,,,,,,,,,,,,,,,,,,,,,,
,MfgDiamondInsert,"DCMT11T304","DCMT11T304",,"D","C","M","T","11","T3","04",,"R",,"POSITIVE","EITHER","COATED_CARBIDE",,0.0,9.525,11.629999999999999,3.9699999999999998,0.4,7.0,55.0,,,,,,,,,,,,,,,,,,,,,,,,,,,,,,,,,,,,,,,,,,,,,,,,,,,,,,,,,,,,,
,MfgDiamondInsert,"DCMT11T308","DCMT11T308",,"D","C","M","T","11","T3","08",,"R",,"POSITIVE","EITHER","COATED_CARBIDE",,0.0,9.525,11.629999999999999,3.9699999999999998,0.8,7.0,55.0,,,,,,,,,,,,,,,,,,,,,,,,,,,,,,,,,,,,,,,,,,,,,,,,,,,,,,,,,,,,,
,MfgDiamondInsert,"DCMT150404","DCMT150404",,"D","C","M","T","15","04","04",,"R",,"POSITIVE","EITHER","COATED_CARBIDE",,0.0,12.7,15.5,4.760000000000001,0.4,7.0,55.0,,,,,,,,,,,,,,,,,,,,,,,,,,,,,,,,,,,,,,,,,,,,,,,,,,,,,,,,,,,,,
,MfgDiamondInsert,"DCMT150408","DCMT150408",,"D","C","M","T","15","04","08",,"R",,"POSITIVE","EITHER","COATED_CARBIDE",,0.0,12.7,15.5,4.760000000000001,0.8,7.0,55.0,,,,,,,,,,,,,,,,,,,,,,,,,,,,,,,,,,,,,,,,,,,,,,,,,,,,,,,,,,,,,
,MfgDiamondInsert,"DCMT150412","DCMT150412",,"D","C","M","T","15","04","12",,"R",,"POSITIVE","EITHER","COATED_CARBIDE",,0.0,12.7,15.5,4.760000000000001,1.2,7.0,55.0,,,,,,,,,,,,,,,,,,,,,,,,,,,,,,,,,,,,,,,,,,,,,,,,,,,,,,,,,,,,,
,MfgDiamondInsert,"VBMT110308","VBMT110308",,"V","B","M","T","11","03","08",,"R",,"POSITIVE","EITHER","COATED_CARBIDE",,0.0,6.35,11.0,3.18,0.8,5.0,35.0,,,,,,,,,,,,,,,,,,,,,,,,,,,,,,,,,,,,,,,,,,,,,,,,,,,,,,,,,,,,,
,MfgDiamondInsert,"VBMT160404","VBMT160404",,"V","B","M","T","16","04","04",,"R",,"POSITIVE","EITHER","COATED_CARBIDE",,0.0,9.525,16.6,4.760000000000001,0.4,5.0,35.0,,,,,,,,,,,,,,,,,,,,,,,,,,,,,,,,,,,,,,,,,,,,,,,,,,,,,,,,,,,,,
,MfgExternalTool,"PCBNL2525M12","PCBNL2525M12",,"C","N",,,"12",,,,"L",,,,,,,,12.9,,,0.0,80.0,,"INSERT_HOLDER","P","B",,,,5.0,75.0,-6.0,-6.0,26.0,25.0,25.0,150.0,26.0,22.0,75.0,88.0,25.0,3.0,0.0,0.0,0.0,0.0,0.0,0.0,,,,,,,,,,,,,,,,,,,,,,,,,,,,,,,,,,
,MfgExternalTool,"PCBNL2525M16","PCBNL2525M16",,"C","N",,,"16",,,,"L",,,,,,,,16.1,,,0.0,80.0,,"INSERT_HOLDER","P","B",,,,5.0,75.0,-6.0,-6.0,30.0,25.0,25.0,150.0,30.0,22.0,75.0,90.0,25.0,3.0,0.0,0.0,0.0,0.0,0.0,0.0,,,,,,,,,,,,,,,,,,,,,,,,,,,,,,,,,,
,MfgExternalTool,"PCBNL3232P19","PCBNL3232P19",,"C","N",,,"19",,,,"L",,,,,,,,19.3,,,0.0,80.0,,"INSERT_HOLDER","P","B",,,,5.0,75.0,-6.0,-6.0,38.0,32.0,32.0,170.0,38.0,27.0,75.0,104.0,32.0,5.0,0.0,0.0,0.0,0.0,0.0,0.0,,,,,,,,,,,,,,,,,,,,,,,,,,,,,,,,,,
,MfgExternalTool,"PDJNL1616H11","PDJNL1616H11",,"D","N",,,"11",,,,"L",,,,,,,,11.6,,,0.0,55.0,,"INSERT_HOLDER","P","J",,,,32.0,93.0,-7.0,-6.0,28.0,16.0,16.0,100.0,28.0,20.0,93.0,64.0,16.0,-4.0,0.0,0.0,0.0,0.0,0.0,0.0,,,,,,,,,,,,,,,,,,,,,,,,,,,,,,,,,,
,MfgExternalTool,"PDJNL2525M11","PDJNL2525M11",,"D","N",,,"11",,,,"L",,,,,,,,11.6,,,0.0,55.0,,"INSERT_HOLDER","P","J",,,,32.0,93.0,-7.0,-6.0,28.0,25.0,25.0,150.0,28.0,32.0,93.0,89.0,25.0,-7.0,0.0,0.0,0.0,0.0,0.0,0.0,,,,,,,,,,,,,,,,,,,,,,,,,,,,,,,,,,
,MfgExternalTool,"PDJNL3232P15","PDJNL3232P15",,"D","N",,,"15",,,,"L",,,,,,,,15.5,,,0.0,55.0,,"INSERT_HOLDER","P","J",,,,32.0,93.0,-7.0,-6.0,36.0,32.0,32.0,170.0,36.0,40.0,93.0,103.0,32.0,-8.0,0.0,0.0,0.0,0.0,0.0,0.0,,,,,,,,,,,,,,,,,,,,,,,,,,,,,,,,,,
,MfgExternalTool,"PSBNL2020K12","PSBNL2020K12",,"S","N",,,"12",,,,"L",,,,,,,,12.7,,,0.0,90.0,,"INSERT_HOLDER","P","B",,,,15.0,75.0,-6.0,-6.0,26.0,20.0,20.0,125.0,26.0,17.0,75.0,75.5,20.0,3.0,0.0,0.0,0.0,0.0,0.0,0.0,,,,,,,,,,,,,,,,,,,,,,,,,,,,,,,,,,
,MfgExternalTool,"PSBNL2525M15","PSBNL2525M15",,"S","N",,,"15",,,,"L",,,,,,,,15.875,,,0.0,90.0,,"INSERT_HOLDER","P","B",,,,15.0,75.0,-6.0,-6.0,36.0,25.0,25.0,150.0,36.0,22.0,75.0,93.0,25.0,3.0,0.0,0.0,0.0,0.0,0.0,0.0,,,,,,,,,,,,,,,,,,,,,,,,,,,,,,,,,,
,MfgExternalTool,"PSBNL3232P19","PSBNL3232P19",,"S","N",,,"19",,,,"L",,,,,,,,19.05,,,0.0,90.0,,"INSERT_HOLDER","P","B",,,,15.0,75.0,-6.0,-6.0,40.0,32.0,32.0,170.0,40.0,27.0,75.0,105.0,32.0,5.0,0.0,0.0,0.0,0.0,0.0,0.0,,,,,,,,,,,,,,,,,,,,,,,,,,,,,,,,,,
,MfgExternalTool,"PTFNL2020K16","PTFNL2020K16",,"T","N",,,"16",,,,"L",,,,,,,,16.5,,,0.0,60.0,,"INSERT_HOLDER","P","F",,,,30.0,90.0,-6.0,-6.0,20.0,20.0,20.0,125.0,20.0,25.0,90.0,72.5,20.0,-5.0,0.0,0.0,0.0,0.0,0.0,0.0,,,,,,,,,,,,,,,,,,,,,,,,,,,,,,,,,,
,MfgExternalTool,"PTFNL2525M16","PTFNL2525M16",,"T","N",,,"16",,,,"L",,,,,,,,16.5,,,0.0,60.0,,"INSERT_HOLDER","P","F",,,,30.0,90.0,-6.0,-6.0,20.0,25.0,25.0,150.0,20.0,32.0,90.0,85.0,25.0,-7.0,0.0,0.0,0.0,0.0,0.0,0.0,,,,,,,,,,,,,,,,,,,,,,,,,,,,,,,,,,
,MfgExternalTool,"PTFNL3225P16","PTFNL3225P16",,"T","N",,,"16",,,,"L",,,,,,,,16.5,,,0.0,60.0,,"INSERT_HOLDER","P","F",,,,30.0,90.0,-6.0,-6.0,20.0,32.0,25.0,170.0,20.0,32.0,90.0,95.0,32.0,-7.0,0.0,0.0,0.0,0.0,0.0,0.0,,,,,,,,,,,,,,,,,,,,,,,,,,,,,,,,,,
,MfgExternalTool,"PWLNL1616H06","PWLNL1616H06",,"W","N",,,"06",,,,"L",,,,,,,,6.5,,,0.0,80.0,,"INSERT_HOLDER","P","L",,,,5.0,95.0,-6.0,-6.0,18.5,16.0,16.0,100.0,18.5,20.0,95.0,59.25,16.0,-4.0,0.0,0.0,0.0,0.0,0.0,0.0,,,,,,,,,,,,,,,,,,,,,,,,,,,,,,,,,,
,MfgExternalTool,"PWLNL2525M06","PWLNL2525M06",,"W","N",,,"06",,,,"L",,,,,,,,6.5,,,0.0,80.0,,"INSERT_HOLDER","P","L",,,,5.0,95.0,-6.0,-6.0,22.0,25.0,25.0,150.0,22.0,32.0,95.0,73.5,25.0,-7.0,0.0,0.0,0.0,0.0,0.0,0.0,,,,,,,,,,,,,,,,,,,,,,,,,,,,,,,,,,
,MfgExternalTool,"PWLNL3225P10","PWLNL3225P10",,"W","N",,,"10",,,,"L",,,,,,,,10.8,,,0.0,80.0,,"INSERT_HOLDER","P","L",,,,5.0,95.0,-6.0,-6.0,22.0,32.0,25.0,170.0,22.0,32.0,95.0,96.0,32.0,-7.0,0.0,0.0,0.0,0.0,0.0,0.0,,,,,,,,,,,,,,,,,,,,,,,,,,,,,,,,,,
,MfgExternalTool,"MTJNL2020K16","MTJNL2020K16",,"T","N",,,"16",,,,"L",,,,,,,,16.5,,,0.0,60.0,,"INSERT_HOLDER","M","J",,,,27.0,93.0,-6.0,-6.0,30.8,20.0,20.0,125.0,30.8,25.0,93.0,77.89999999999999,20.0,-5.0,0.0,0.0,0.0,0.0,0.0,0.0,,,,,,,,,,,,,,,,,,,,,,,,,,,,,,,,,,
,MfgExternalTool,"MTJNL3225P16","MTJNL3225P16",,"T","N",,,"16",,,,"L",,,,,,,,16.5,,,0.0,60.0,,"INSERT_HOLDER","M","J",,,,27.0,93.0,-6.0,-6.0,30.8,32.0,25.0,170.0,30.8,32.0,93.0,100.4,32.0,-7.0,0.0,0.0,0.0,0.0,0.0,0.0,,,,,,,,,,,,,,,,,,,,,,,,,,,,,,,,,,
,MfgExternalTool,"MTJNL3225P22","MTJNL3225P22",,"T","N",,,"22",,,,"L",,,,,,,,22.0,,,0.0,60.0,,"INSERT_HOLDER","M","J",,,,27.0,93.0,-6.0,-6.0,34.8,32.0,25.0,170.0,34.8,32.0,93.0,102.4,32.0,-7.0,0.0,0.0,0.0,0.0,0.0,0.0,,,,,,,,,,,,,,,,,,,,,,,,,,,,,,,,,,
,MfgExternalTool,"PCBNR2525M12","PCBNR2525M12",,"C","N",,,"12",,,,"R",,,,,,,,12.9,,,0.0,80.0,,"INSERT_HOLDER","P","B",,,,5.0,75.0,-6.0,-6.0,26.0,25.0,25.0,150.0,26.0,22.0,75.0,88.0,25.0,22.0,0.0,0.0,0.0,0.0,0.0,0.0,,,,,,,,,,,,,,,,,,,,,,,,,,,,,,,,,,
,MfgExternalTool,"PCBNR2525M16","PCBNR2525M16",,"C","N",,,"16",,,,"R",,,,,,,,16.1,,,0.0,80.0,,"INSERT_HOLDER","P","B",,,,5.0,75.0,-6.0,-6.0,30.0,25.0,25.0,150.0,30.0,22.0,75.0,90.0,25.0,22.0,0.0,0.0,0.0,0.0,0.0,0.0,,,,,,,,,,,,,,,,,,,,,,,,,,,,,,,,,,
,MfgExternalTool,"PCBNR3232P19","PCBNR3232P19",,"C","N",,,"19",,,,"R",,,,,,,,19.3,,,0.0,80.0,,"INSERT_HOLDER","P","B",,,,5.0,75.0,-6.0,-6.0,38.0,32.0,32.0,170.0,38.0,27.0,75.0,104.0,32.0,27.0,0.0,0.0,0.0,0.0,0.0,0.0,,,,,,,,,,,,,,,,,,,,,,,,,,,,,,,,,,
,MfgExternalTool,"PDJNR1616H11","PDJNR1616H11",,"D","N",,,"11",,,,"R",,,,,,,,11.6,,,0.0,55.0,,"INSERT_HOLDER","P","J",,,,32.0,93.0,-7.0,-6.0,28.0,16.0,16.0,100.0,28.0,20.0,93.0,64.0,16.0,20.0,0.0,0.0,0.0,0.0,0.0,0.0,,,,,,,,,,,,,,,,,,,,,,,,,,,,,,,,,,
,MfgExternalTool,"PDJNR2525M11","PDJNR2525M11",,"D","N",,,"11",,,,"R",,,,,,,,11.6,,,0.0,55.0,,"INSERT_HOLDER","P","J",,,,32.0,93.0,-7.0,-6.0,28.0,25.0,25.0,150.0,28.0,32.0,93.0,89.0,25.0,32.0,0.0,0.0,0.0,0.0,0.0,0.0,,,,,,,,,,,,,,,,,,,,,,,,,,,,,,,,,,
,MfgExternalTool,"PDJNR3232P15","PDJNR3232P15",,"D","N",,,"15",,,,"R",,,,,,,,15.5,,,0.0,55.0,,"INSERT_HOLDER","P","J",,,,32.0,93.0,-7.0,-6.0,36.0,32.0,32.0,170.0,36.0,40.0,93.0,103.0,32.0,40.0,0.0,0.0,0.0,0.0,0.0,0.0,,,,,,,,,,,,,,,,,,,,,,,,,,,,,,,,,,
,MfgExternalTool,"PSBNR2020K12","PSBNR2020K12",,"S","N",,,"12",,,,"R",,,,,,,,12.7,,,0.0,90.0,,"INSERT_HOLDER","P","B",,,,15.0,75.0,-6.0,-6.0,26.0,20.0,20.0,125.0,26.0,17.0,75.0,75.5,20.0,17.0,0.0,0.0,0.0,0.0,0.0,0.0,,,,,,,,,,,,,,,,,,,,,,,,,,,,,,,,,,
,MfgExternalTool,"PSBNR2525M15","PSBNR2525M15",,"S","N",,,"15",,,,"R",,,,,,,,15.875,,,0.0,90.0,,"INSERT_HOLDER","P","B",,,,15.0,75.0,-6.0,-6.0,36.0,25.0,25.0,150.0,36.0,22.0,75.0,93.0,25.0,22.0,0.0,0.0,0.0,0.0,0.0,0.0,,,,,,,,,,,,,,,,,,,,,,,,,,,,,,,,,,
,MfgExternalTool,"PSBNR3232P19","PSBNR3232P19",,"S","N",,,"19",,,,"R",,,,,,,,19.05,,,0.0,90.0,,"INSERT_HOLDER","P","B",,,,15.0,75.0,-6.0,-6.0,40.0,32.0,32.0,170.0,40.0,27.0,75.0,105.0,32.0,27.0,0.0,0.0,0.0,0.0,0.0,0.0,,,,,,,,,,,,,,,,,,,,,,,,,,,,,,,,,,
,MfgExternalTool,"PTFNR2020K16","PTFNR2020K16",,"T","N",,,"16",,,,"R",,,,,,,,16.5,,,0.0,60.0,,"INSERT_HOLDER","P","F",,,,30.0,90.0,-6.0,-6.0,20.0,20.0,20.0,125.0,20.0,25.0,90.0,72.5,20.0,25.0,0.0,0.0,0.0,0.0,0.0,0.0,,,,,,,,,,,,,,,,,,,,,,,,,,,,,,,,,,
,MfgExternalTool,"PTFNR2525M16","PTFNR2525M16",,"T","N",,,"16",,,,"R",,,,,,,,16.5,,,0.0,60.0,,"INSERT_HOLDER","P","F",,,,30.0,90.0,-6.0,-6.0,20.0,25.0,25.0,150.0,20.0,32.0,90.0,85.0,25.0,32.0,0.0,0.0,0.0,0.0,0.0,0.0,,,,,,,,,,,,,,,,,,,,,,,,,,,,,,,,,,
,MfgExternalTool,"PTFNR3225P16","PTFNR3225P16",,"T","N",,,"16",,,,"R",,,,,,,,16.5,,,0.0,60.0,,"INSERT_HOLDER","P","F",,,,30.0,90.0,-6.0,-6.0,20.0,32.0,25.0,170.0,20.0,32.0,90.0,95.0,32.0,32.0,0.0,0.0,0.0,0.0,0.0,0.0,,,,,,,,,,,,,,,,,,,,,,,,,,,,,,,,,,
,MfgExternalTool,"PWLNR1616H06","PWLNR1616H06",,"W","N",,,"06",,,,"R",,,,,,,,6.5,,,0.0,80.0,,"INSERT_HOLDER","P","L",,,,5.0,95.0,-6.0,-6.0,18.5,16.0,16.0,100.0,18.5,20.0,95.0,59.25,16.0,20.0,0.0,0.0,0.0,0.0,0.0,0.0,,,,,,,,,,,,,,,,,,,,,,,,,,,,,,,,,,
,MfgExternalTool,"PWLNR2525M06","PWLNR2525M06",,"W","N",,,"06",,,,"R",,,,,,,,6.5,,,0.0,80.0,,"INSERT_HOLDER","P","L",,,,5.0,95.0,-6.0,-6.0,22.0,25.0,25.0,150.0,22.0,32.0,95.0,73.5,25.0,32.0,0.0,0.0,0.0,0.0,0.0,0.0,,,,,,,,,,,,,,,,,,,,,,,,,,,,,,,,,,
,MfgExternalTool,"PWLNR3225P10","PWLNR3225P10",,"W","N",,,"10",,,,"R",,,,,,,,10.8,,,0.0,80.0,,"INSERT_HOLDER","P","L",,,,5.0,95.0,-6.0,-6.0,22.0,32.0,25.0,170.0,22.0,32.0,95.0,96.0,32.0,32.0,0.0,0.0,0.0,0.0,0.0,0.0,,,,,,,,,,,,,,,,,,,,,,,,,,,,,,,,,,
,MfgExternalTool,"MTJNR2020K16","MTJNR2020K16",,"T","N",,,"16",,,,"R",,,,,,,,16.5,,,0.0,60.0,,"INSERT_HOLDER","M","J",,,,27.0,93.0,-6.0,-6.0,30.8,20.0,20.0,125.0,30.8,25.0,93.0,77.89999999999999,20.0,25.0,0.0,0.0,0.0,0.0,0.0,0.0,,,,,,,,,,,,,,,,,,,,,,,,,,,,,,,,,,
,MfgExternalTool,"MTJNR3225P16","MTJNR3225P16",,"T","N",,,"16",,,,"R",,,,,,,,16.5,,,0.0,60.0,,"INSERT_HOLDER","M","J",,,,27.0,93.0,-6.0,-6.0,30.8,32.0,25.0,170.0,30.8,32.0,93.0,100.4,32.0,32.0,0.0,0.0,0.0,0.0,0.0,0.0,,,,,,,,,,,,,,,,,,,,,,,,,,,,,,,,,,
,MfgExternalTool,"MTJNR3225P22","MTJNR3225P22",,"T","N",,,"22",,,,"R",,,,,,,,22.0,,,0.0,60.0,,"INSERT_HOLDER","M","J",,,,27.0,93.0,-6.0,-6.0,34.8,32.0,25.0,170.0,34.8,32.0,93.0,102.4,32.0,32.0,0.0,0.0,0.0,0.0,0.0,0.0,,,,,,,,,,,,,,,,,,,,,,,,,,,,,,,,,,
,MfgExternalTool,"SRDCN1212F06","SRDCN1212F06",,"R","C",,,"06",,,,"N",,,,,,,,6.0,,,7.0,0.0,,"INSERT_HOLDER","S","D",,,,90.0,90.0,0.0,0.0,12.0,12.0,12.0,80.0,12.0,6.0,0.0,46.0,12.0,6.0,0.0,0.0,0.0,0.0,0.0,0.0,,,,,,,,,,,,,,,,,,,,,,,,,,,,,,,,,,
,MfgExternalTool,"SRDCN2525M08","SRDCN2525M08",,"R","C",,,"08",,,,"N",,,,,,,,8.0,,,7.0,0.0,,"INSERT_HOLDER","S","D",,,,90.0,90.0,0.0,0.0,25.0,25.0,25.0,150.0,25.0,12.5,0.0,87.5,25.0,12.5,0.0,0.0,0.0,0.0,0.0,0.0,,,,,,,,,,,,,,,,,,,,,,,,,,,,,,,,,,
,MfgExternalTool,"PRDCN3225P16","PRDCN3225P16",,"R","C",,,"16",,,,"N",,,,,,,,16.0,,,7.0,0.0,,"INSERT_HOLDER","P","D",,,,90.0,90.0,0.0,0.0,32.0,32.0,25.0,170.0,32.0,32.0,0.0,101.0,32.0,12.5,0.0,0.0,0.0,0.0,0.0,0.0,,,,,,,,,,,,,,,,,,,,,,,,,,,,,,,,,,
,MfgExternalTool,"PSDCN1212F09","PSDCN1212F09",,"S","C",,,"09",,,,"N",,,,,,,,9.525,,,7.0,0.0,,"INSERT_HOLDER","P","D",,,,45.0,45.0,0.0,0.0,20.0,12.0,12.0,80.0,20.0,6.0,45.0,50.0,12.0,6.0,0.0,0.0,0.0,0.0,0.0,0.0,,,,,,,,,,,,,,,,,,,,,,,,,,,,,,,,,,
,MfgExternalTool,"PSDCN1616H12","PSDCN1616H12",,"S","C",,,"12",,,,"N",,,,,,,,12.7,,,7.0,0.0,,"INSERT_HOLDER","P","D",,,,45.0,45.0,0.0,0.0,25.0,16.0,16.0,100.0,25.0,8.0,45.0,62.5,16.0,8.0,0.0,0.0,0.0,0.0,0.0,0.0,,,,,,,,,,,,,,,,,,,,,,,,,,,,,,,,,,
,MfgExternalTool,"PSDCN2525M12","PSDCN2525M12",,"S","C",,,"12",,,,"N",,,,,,,,12.7,,,7.0,0.0,,"INSERT_HOLDER","P","D",,,,45.0,45.0,0.0,0.0,25.0,25.0,25.0,150.0,25.0,12.5,45.0,87.5,25.0,12.5,0.0,0.0,0.0,0.0,0.0,0.0,,,,,,,,,,,,,,,,,,,,,,,,,,,,,,,,,,
,MfgExternalTool,"PCLCL1212F06","PCLCL1212F06",,"C","C",,,"06",,,,"L",,,,,,,,6.45,,,7.0,80.0,,"INSERT_HOLDER","P","L",,,,5.0,95.0,0.0,0.0,18.0,12.0,12.0,80.0,18.0,16.0,95.0,49.0,12.0,-4.0,0.0,0.0,0.0,0.0,0.0,0.0,,,,,,,,,,,,,,,,,,,,,,,,,,,,,,,,,,
,MfgExternalTool,"PCLCL1616H06","PCLCL1616H06",,"C","C",,,"06",,,,"L",,,,,,,,6.45,,,7.0,80.0,,"INSERT_HOLDER","P","L",,,,5.0,95.0,0.0,0.0,25.0,16.0,16.0,100.0,25.0,20.0,95.0,62.5,16.0,-4.0,0.0,0.0,0.0,0.0,0.0,0.0,,,,,,,,,,,,,,,,,,,,,,,,,,,,,,,,,,
,MfgExternalTool,"PCLCL2020K06","PCLCL2020K06",,"C","C",,,"06",,,,"L",,,,,,,,6.45,,,7.0,80.0,,"INSERT_HOLDER","P","L",,,,5.0,95.0,0.0,0.0,25.0,20.0,20.0,125.0,25.0,25.0,95.0,75.0,20.0,-5.0,0.0,0.0,0.0,0.0,0.0,0.0,,,,,,,,,,,,,,,,,,,,,,,,,,,,,,,,,,
,MfgExternalTool,"SDHCL1212F07","SDHCL1212F07",,"D","C",,,"07",,,,"L",,,,,,,,7.75,,,7.0,55.0,,"INSERT_HOLDER","S","H",,,,17.5,107.5,0.0,0.0,18.0,12.0,12.0,80.0,18.0,16.0,107.5,49.0,12.0,-4.0,0.0,0.0,0.0,0.0,0.0,0.0,,,,,,,,,,,,,,,,,,,,,,,,,,,,,,,,,,
,MfgExternalTool,"PDHCL2020K11","PDHCL2020K11",,"D","C",,,"11",,,,"L",,,,,,,,11.629999999999999,,,7.0,55.0,,"INSERT_HOLDER","P","H",,,,17.5,107.5,0.0,0.0,22.0,20.0,20.0,125.0,22.0,25.0,107.5,73.5,20.0,-5.0,0.0,0.0,0.0,0.0,0.0,0.0,,,,,,,,,,,,,,,,,,,,,,,,,,,,,,,,,,
,MfgExternalTool,"PDHCL3225P11","PDHCL3225P11",,"D","C",,,"11",,,,"L",,,,,,,,11.629999999999999,,,7.0,55.0,,"INSERT_HOLDER","P","H",,,,17.5,107.5,0.0,0.0,28.0,32.0,25.0,170.0,28.0,32.0,107.5,99.0,32.0,-7.0,0.0,0.0,0.0,0.0,0.0,0.0,,,,,,,,,,,,,,,,,,,,,,,,,,,,,,,,,,
,MfgExternalTool,"PTGCL1616H16","PTGCL1616H16",,"T","C",,,"16",,,,"L",,,,,,,,16.5,,,7.0,60.0,,"INSERT_HOLDER","P","G",,,,30.0,90.0,0.0,0.0,22.0,16.0,16.0,100.0,22.0,20.0,90.0,61.0,16.0,-4.0,0.0,0.0,0.0,0.0,0.0,0.0,,,,,,,,,,,,,,,,,,,,,,,,,,,,,,,,,,
,MfgExternalTool,"PTGCL2020K16","PTGCL2020K16",,"T","C",,,"16",,,,"L",,,,,,,,16.5,,,7.0,60.0,,"INSERT_HOLDER","P","G",,,,30.0,90.0,0.0,0.0,22.0,20.0,20.0,125.0,22.0,25.0,90.0,73.5,20.0,-5.0,0.0,0.0,0.0,0.0,0.0,0.0,,,,,,,,,,,,,,,,,,,,,,,,,,,,,,,,,,
,MfgExternalTool,"PTGCL2525M16","PTGCL2525M16",,"T","C",,,"16",,,,"L",,,,,,,,16.5,,,7.0,60.0,,"INSERT_HOLDER","P","G",,,,30.0,90.0,0.0,0.0,22.0,25.0,25.0,150.0,22.0,32.0,90.0,86.0,25.0,-7.0,0.0,0.0,0.0,0.0,0.0,0.0,,,,,,,,,,,,,,,,,,,,,,,,,,,,,,,,,,
,MfgExternalTool,"PVHBL1616H11","PVHBL1616H11",,"V","B",,,"11",,,,"L",,,,,,,,11.0,,,5.0,35.0,,"INSERT_HOLDER","P","H",,,,37.5,107.5,0.0,0.0,25.0,16.0,16.0,100.0,25.0,20.0,107.5,62.5,16.0,-4.0,0.0,0.0,0.0,0.0,0.0,0.0,,,,,,,,,,,,,,,,,,,,,,,,,,,,,,,,,,
,MfgExternalTool,"PVHBL2525M11","PVHBL2525M11",,"V","B",,,"11",,,,"L",,,,,,,,11.0,,,5.0,35.0,,"INSERT_HOLDER","P","H",,,,37.5,107.5,0.0,0.0,32.0,25.0,25.0,150.0,32.0,32.0,107.5,91.0,25.0,-7.0,0.0,0.0,0.0,0.0,0.0,0.0,,,,,,,,,,,,,,,,,,,,,,,,,,,,,,,,,,
,MfgExternalTool,"PVHBL2525M16","PVHBL2525M16",,"V","B",,,"16",,,,"L",,,,,,,,16.6,,,5.0,35.0,,"INSERT_HOLDER","P","H",,,,37.5,107.5,0.0,0.0,28.0,25.0,25.0,150.0,28.0,32.0,107.5,89.0,25.0,-7.0,0.0,0.0,0.0,0.0,0.0,0.0,,,,,,,,,,,,,,,,,,,,,,,,,,,,,,,,,,
,MfgExternalTool,"PWLCL1212F04","PWLCL1212F04",,"W","C",,,"04",,,,"L",,,,,,,,4.3,,,7.0,80.0,,"INSERT_HOLDER","P","L",,,,5.0,95.0,0.0,0.0,15.0,12.0,12.0,80.0,15.0,16.0,95.0,47.5,12.0,-4.0,0.0,0.0,0.0,0.0,0.0,0.0,,,,,,,,,,,,,,,,,,,,,,,,,,,,,,,,,,
,MfgExternalTool,"PWLCL2020K04","PWLCL2020K04",,"W","C",,,"04",,,,"L",,,,,,,,4.3,,,7.0,80.0,,"INSERT_HOLDER","P","L",,,,5.0,95.0,0.0,0.0,15.0,20.0,20.0,125.0,15.0,25.0,95.0,70.0,20.0,-5.0,0.0,0.0,0.0,0.0,0.0,0.0,,,,,,,,,,,,,,,,,,,,,,,,,,,,,,,,,,
,MfgExternalTool,"PWLCL2525M06","PWLCL2020K04",,"W","C",,,"06",,,,"L",,,,,,,,6.5,,,7.0,80.0,,"INSERT_HOLDER","P","L",,,,5.0,95.0,0.0,0.0,25.0,25.0,25.0,150.0,25.0,32.0,95.0,87.5,25.0,-7.0,0.0,0.0,0.0,0.0,0.0,0.0,,,,,,,,,,,,,,,,,,,,,,,,,,,,,,,,,,
,MfgExternalTool,"PCLCR1212F06","PCLCR1212F06",,"C","C",,,"06",,,,"R",,,,,,,,6.45,,,7.0,80.0,,"INSERT_HOLDER","P","L",,,,5.0,95.0,0.0,0.0,18.0,12.0,12.0,80.0,18.0,16.0,95.0,49.0,12.0,16.0,0.0,0.0,0.0,0.0,0.0,0.0,,,,,,,,,,,,,,,,,,,,,,,,,,,,,,,,,,
,MfgExternalTool,"PCLCR1616H06","PCLCR1616H06",,"C","C",,,"06",,,,"R",,,,,,,,6.45,,,7.0,80.0,,"INSERT_HOLDER","P","L",,,,5.0,95.0,0.0,0.0,25.0,16.0,16.0,100.0,25.0,20.0,95.0,62.5,16.0,20.0,0.0,0.0,0.0,0.0,0.0,0.0,,,,,,,,,,,,,,,,,,,,,,,,,,,,,,,,,,
,MfgExternalTool,"PCLCR2020K06","PCLCR2020K06",,"C","C",,,"06",,,,"R",,,,,,,,6.45,,,7.0,80.0,,"INSERT_HOLDER","P","L",,,,5.0,95.0,0.0,0.0,25.0,20.0,20.0,125.0,25.0,25.0,95.0,75.0,20.0,25.0,0.0,0.0,0.0,0.0,0.0,0.0,,,,,,,,,,,,,,,,,,,,,,,,,,,,,,,,,,
,MfgExternalTool,"SDHCR1212F07","SDHCR1212F07",,"D","C",,,"07",,,,"R",,,,,,,,7.75,,,7.0,55.0,,"INSERT_HOLDER","S","H",,,,17.5,107.5,0.0,0.0,18.0,12.0,12.0,80.0,18.0,16.0,107.5,49.0,12.0,16.0,0.0,0.0,0.0,0.0,0.0,0.0,,,,,,,,,,,,,,,,,,,,,,,,,,,,,,,,,,
,MfgExternalTool,"PDHCR2020K11","PDHCR2020K11",,"D","C",,,"11",,,,"R",,,,,,,,11.629999999999999,,,7.0,55.0,,"INSERT_HOLDER","P","H",,,,17.5,107.5,0.0,0.0,22.0,20.0,20.0,125.0,22.0,25.0,107.5,73.5,20.0,25.0,0.0,0.0,0.0,0.0,0.0,0.0,,,,,,,,,,,,,,,,,,,,,,,,,,,,,,,,,,
,MfgExternalTool,"PDHCR3225P11","PDHCR3225P11",,"D","C",,,"11",,,,"R",,,,,,,,11.629999999999999,,,7.0,55.0,,"INSERT_HOLDER","P","H",,,,17.5,107.5,0.0,0.0,28.0,32.0,25.0,170.0,28.0,32.0,107.5,99.0,32.0,32.0,0.0,0.0,0.0,0.0,0.0,0.0,,,,,,,,,,,,,,,,,,,,,,,,,,,,,,,,,,
,MfgExternalTool,"PTGCR1616H16","PTGCR1616H16",,"T","C",,,"16",,,,"R",,,,,,,,16.5,,,7.0,60.0,,"INSERT_HOLDER","P","G",,,,30.0,90.0,0.0,0.0,22.0,16.0,16.0,100.0,22.0,20.0,90.0,61.0,16.0,20.0,0.0,0.0,0.0,0.0,0.0,0.0,,,,,,,,,,,,,,,,,,,,,,,,,,,,,,,,,,
,MfgExternalTool,"PTGCR2020K16","PTGCR2020K16",,"T","C",,,"16",,,,"R",,,,,,,,16.5,,,7.0,60.0,,"INSERT_HOLDER","P","G",,,,30.0,90.0,0.0,0.0,22.0,20.0,20.0,125.0,22.0,25.0,90.0,73.5,20.0,25.0,0.0,0.0,0.0,0.0,0.0,0.0,,,,,,,,,,,,,,,,,,,,,,,,,,,,,,,,,,
,MfgExternalTool,"PTGCR2525M16","PTGCR2525M16",,"T","C",,,"16",,,,"R",,,,,,,,16.5,,,7.0,60.0,,"INSERT_HOLDER","P","G",,,,30.0,90.0,0.0,0.0,22.0,25.0,25.0,150.0,22.0,32.0,90.0,86.0,25.0,32.0,0.0,0.0,0.0,0.0,0.0,0.0,,,,,,,,,,,,,,,,,,,,,,,,,,,,,,,,,,
,MfgExternalTool,"PVHBR1616H11","PVHBR1616H11",,"V","B",,,"11",,,,"R",,,,,,,,11.0,,,5.0,35.0,,"INSERT_HOLDER","P","H",,,,37.5,107.5,0.0,0.0,25.0,16.0,16.0,100.0,25.0,20.0,107.5,62.5,16.0,20.0,0.0,0.0,0.0,0.0,0.0,0.0,,,,,,,,,,,,,,,,,,,,,,,,,,,,,,,,,,
,MfgExternalTool,"PVHBR2525M11","PVHBR2525M11",,"V","B",,,"11",,,,"R",,,,,,,,11.0,,,5.0,35.0,,"INSERT_HOLDER","P","H",,,,37.5,107.5,0.0,0.0,32.0,25.0,25.0,150.0,32.0,32.0,107.5,91.0,25.0,32.0,0.0,0.0,0.0,0.0,0.0,0.0,,,,,,,,,,,,,,,,,,,,,,,,,,,,,,,,,,
,MfgExternalTool,"PVHBR2525M16","PVHBR2525M16",,"V","B",,,"16",,,,"R",,,,,,,,16.6,,,5.0,35.0,,"INSERT_HOLDER","P","H",,,,37.5,107.5,0.0,0.0,28.0,25.0,25.0,150.0,28.0,32.0,107.5,89.0,25.0,32.0,0.0,0.0,0.0,0.0,0.0,0.0,,,,,,,,,,,,,,,,,,,,,,,,,,,,,,,,,,
,MfgExternalTool,"PWLCR1212F04","PWLCR1212F04",,"W","C",,,"04",,,,"R",,,,,,,,4.3,,,7.0,80.0,,"INSERT_HOLDER","P","L",,,,5.0,95.0,0.0,0.0,15.0,12.0,12.0,80.0,15.0,16.0,95.0,47.5,12.0,16.0,0.0,0.0,0.0,0.0,0.0,0.0,,,,,,,,,,,,,,,,,,,,,,,,,,,,,,,,,,
,MfgExternalTool,"PWLCR2020K04","PWLCR2020K04",,"W","C",,,"04",,,,"R",,,,,,,,4.3,,,7.0,80.0,,"INSERT_HOLDER","P","L",,,,5.0,95.0,0.0,0.0,15.0,20.0,20.0,125.0,15.0,25.0,95.0,70.0,20.0,25.0,0.0,0.0,0.0,0.0,0.0,0.0,,,,,,,,,,,,,,,,,,,,,,,,,,,,,,,,,,
,MfgExternalTool,"PWLCR2525M06","PWLCR2525M06",,"W","C",,,"06",,,,"L",,,,,,,,6.5,,,7.0,80.0,,"INSERT_HOLDER","P","L",,,,5.0,95.0,0.0,0.0,25.0,25.0,25.0,150.0,25.0,32.0,95.0,87.5,25.0,32.0,0.0,0.0,0.0,0.0,0.0,0.0,,,,,,,,,,,,,,,,,,,,,,,,,,,,,,,,,,
,MfgGrooveExternalTool,"NCBE20-2020L-GX24-2-21","NCBE20-2020L-GX24-2-21",,,,,,,,,,,,,,,,,,,,,,,,"INSERT_HOLDER",,,,,,,,,,,20.0,20.0,132.0,42.0,24.549999999999997,,87.0,20.0,-4.55,0.0,0.0,0.0,0.0,0.0,0.0,"LEFT",0.0,3.0,3.0,3.0,17.5,90.0,,,,,,,,,,,,,,,,,,,,,,,,,,,
,MfgGrooveExternalTool,"NCBE25-2525L-GX24-3-21","NCBE25-2525L-GX24-3-21",,,,,,,,,,,,,,,,,,,,,,,,"INSERT_HOLDER",,,,,,,,,,,25.0,25.0,162.0,47.0,31.4,,104.5,25.0,-6.4,0.0,0.0,0.0,0.0,0.0,0.0,"LEFT",0.0,4.0,4.0,4.0,16.5,90.0,,,,,,,,,,,,,,,,,,,,,,,,,,,
,MfgGrooveExternalTool,"NCBE32-3225L-GX24-4-21","NCBE32-3225L-GX24-4-21",,,,,,,,,,,,,,,,,,,,,,,,"INSERT_HOLDER",,,,,,,,,,,32.0,25.0,182.0,54.0,31.4,,118.0,32.0,-6.4,0.0,0.0,0.0,0.0,0.0,0.0,"LEFT",0.0,6.0,6.0,6.0,14.5,90.0,,,,,,,,,,,,,,,,,,,,,,,,,,,
,MfgGrooveExternalTool,"NCBE20-2020R-GX24-2-21","NCBE20-2020R-GX24-2-21",,,,,,,,,,,,,,,,,,,,,,,,"INSERT_HOLDER",,,,,,,,,,,20.0,20.0,132.0,42.0,24.549999999999997,,87.0,20.0,24.549999999999997,0.0,0.0,0.0,0.0,0.0,0.0,"RIGHT",0.0,3.0,3.0,3.0,17.5,90.0,,,,,,,,,,,,,,,,,,,,,,,,,,,
,MfgGrooveExternalTool,"NCBE25-2525R-GX24-3-21","NCBE25-2525R-GX24-3-21",,,,,,,,,,,,,,,,,,,,,,,,"INSERT_HOLDER",,,,,,,,,,,25.0,25.0,162.0,47.0,31.4,,104.5,25.0,31.4,0.0,0.0,0.0,0.0,0.0,0.0,"RIGHT",0.0,4.0,4.0,4.0,16.5,90.0,,,,,,,,,,,,,,,,,,,,,,,,,,,
,MfgGrooveExternalTool,"NCBE32-3225R-GX24-4-21","NCBE32-3225R-GX24-4-21",,,,,,,,,,,,,,,,,,,,,,,,"INSERT_HOLDER",,,,,,,,,,,32.0,25.0,182.0,54.0,31.4,,118.0,32.0,31.4,0.0,0.0,0.0,0.0,0.0,0.0,"RIGHT",0.0,6.0,6.0,6.0,14.5,90.0,,,,,,,,,,,,,,,,,,,,,,,,,,,
,MfgGrooveExternalTool,"NCAE12-1212L-GX09-1","NCAE12-1212L-GX09-1",,,,,,,,,,,,,,,,,,,,,,,,"INSERT_HOLDER",,,,,,,,,,,12.0,12.0,78.0,20.0,15.549999999999999,,49.0,12.0,-3.5500000000000003,0.0,0.0,0.0,0.0,0.0,0.0,"LEFT",0.0,2.0,2.0,2.5,4.8,90.0,,,,,,,,,,,,,,,,,,,,,,,,,,,
,MfgGrooveExternalTool,"NCAE20-2020L-GX16-1","NCAE20-2020L-GX16-1",,,,,,,,,,,,,,,,,,,,,,,,"INSERT_HOLDER",,,,,,,,,,,16.0,12.0,123.0,33.0,24.549999999999997,,78.0,20.0,-4.55,0.0,0.0,0.0,0.0,0.0,0.0,"LEFT",0.0,2.0,2.0,2.5,8.5,90.0,,,,,,,,,,,,,,,,,,,,,,,,,,,
,MfgGrooveExternalTool,"NCAE32-3225L-GX16-2","NCAE32-3225L-GX16-2",,,,,,,,,,,,,,,,,,,,,,,,"INSERT_HOLDER",,,,,,,,,,,32.0,25.0,173.0,45.0,31.4,,109.0,32.0,-6.4,0.0,0.0,0.0,0.0,0.0,0.0,"LEFT",0.0,3.0,3.0,3.5,5.5,90.0,,,,,,,,,,,,,,,,,,,,,,,,,,,
,MfgGrooveExternalTool,"NCAE12-1212R-GX09-1","NCAE12-1212R-GX09-1",,,,,,,,,,,,,,,,,,,,,,,,"INSERT_HOLDER",,,,,,,,,,,12.0,12.0,78.0,20.0,15.549999999999999,,49.0,12.0,15.549999999999999,0.0,0.0,0.0,0.0,0.0,0.0,"RIGHT",0.0,2.0,2.0,2.5,4.8,90.0,,,,,,,,,,,,,,,,,,,,,,,,,,,
,MfgGrooveExternalTool,"NCAE20-2020R-GX16-1","NCAE20-2020R-GX16-1",,,,,,,,,,,,,,,,,,,,,,,,"INSERT_HOLDER",,,,,,,,,,,16.0,12.0,123.0,33.0,24.549999999999997,,78.0,20.0,24.549999999999997,0.0,0.0,0.0,0.0,0.0,0.0,"RIGHT",0.0,2.0,2.0,2.5,8.5,90.0,,,,,,,,,,,,,,,,,,,,,,,,,,,
,MfgGrooveExternalTool,"NCAE32-3225R-GX16-2","NCAE32-3225R-GX16-2",,,,,,,,,,,,,,,,,,,,,,,,"INSERT_HOLDER",,,,,,,,,,,32.0,25.0,173.0,45.0,31.4,,109.0,32.0,31.4,0.0,0.0,0.0,0.0,0.0,0.0,"RIGHT",0.0,3.0,3.0,3.5,5.5,90.0,,,,,,,,,,,,,,,,,,,,,,,,,,,
,MfgGrooveFrontalTool,"NCEE-20-2020L-GX24-2-1","NCEE-20-2020L-GX24-2-1",,,,,,,,,,,,,,,,,,,,,,,,"INSERT_HOLDER",,,,,,,,,,,20.0,20.0,132.0,42.0,24.549999999999997,,87.0,20.0,-4.55,0.0,0.0,0.0,0.0,0.0,0.0,"LEFT",0.0,3.0,3.0,3.0,17.5,90.0,70.0,50.0,,,,,,,,,,,,,,,,,,,,,,,,,
,MfgGrooveFrontalTool,"NCEE-25-2525L-GX24-2-1","NCEE-25-2525L-GX24-2-1",,,,,,,,,,,,,,,,,,,,,,,,"INSERT_HOLDER",,,,,,,,,,,25.0,25.0,162.0,47.0,31.45,,104.5,25.0,-6.4,0.0,0.0,0.0,0.0,0.0,0.0,"LEFT",0.0,3.0,3.0,3.0,16.5,90.0,70.0,50.0,,,,,,,,,,,,,,,,,,,,,,,,,
,MfgGrooveFrontalTool,"NCHE20-2020L-GX24-2-1","NCHE20-2020L-GX24-2-1",,,,,,,,,,,,,,,,,,,,,,,,"INSERT_HOLDER",,,,,,,,,,,20.0,20.0,110.0,42.0,42.0,,76.0,20.0,-22.0,0.0,0.0,0.0,0.0,0.0,0.0,"LEFT",90.0,3.0,3.0,3.0,17.5,90.0,70.0,50.0,,,,,,,,,,,,,,,,,,,,,,,,,
,MfgGrooveFrontalTool,"NCHE25-2525L-GX24-2-1","NCHE25-2525L-GX24-2-1",,,,,,,,,,,,,,,,,,,,,,,,"INSERT_HOLDER",,,,,,,,,,,25.0,25.0,140.0,47.0,47.0,,93.5,25.0,-22.0,0.0,0.0,0.0,0.0,0.0,0.0,"LEFT",90.0,3.0,3.0,3.0,16.5,90.0,70.0,50.0,,,,,,,,,,,,,,,,,,,,,,,,,
,MfgGrooveFrontalTool,"NCEE-20-2020R-GX24-2-1","NCEE-20-2020R-GX24-2-1",,,,,,,,,,,,,,,,,,,,,,,,"INSERT_HOLDER",,,,,,,,,,,20.0,20.0,132.0,42.0,24.549999999999997,,87.0,20.0,24.549999999999997,0.0,0.0,0.0,0.0,0.0,0.0,"RIGHT",0.0,3.0,3.0,3.0,17.5,90.0,70.0,50.0,,,,,,,,,,,,,,,,,,,,,,,,,
,MfgGrooveFrontalTool,"NCEE-25-2525R-GX24-2-1","NCEE-25-2525R-GX24-2-1",,,,,,,,,,,,,,,,,,,,,,,,"INSERT_HOLDER",,,,,,,,,,,25.0,25.0,162.0,47.0,31.45,,104.5,25.0,31.4,0.0,0.0,0.0,0.0,0.0,0.0,"RIGHT",0.0,3.0,3.0,3.0,16.5,90.0,70.0,50.0,,,,,,,,,,,,,,,,,,,,,,,,,
,MfgGrooveInsert,"L151.2-30005-4E","L151.2-30005-4E",,,,,,,,,,,,,"EITHER","COATED_CARBIDE",,0.0,,9.0,7.0,,7.0,,,,,,,,,,,,,,,,,,,,,,,,,,,,,,,3.0,,,,,,,5.6,0.3,0.3,5.0,2.5,2.5,,,,,,,,,,,,,,,,,,,
,MfgGrooveInsert,"L151.2-40005-4E","L151.2-40005-4E",,,,,,,,,,,,,"EITHER","COATED_CARBIDE",,0.0,,12.0,7.0,,7.0,,,,,,,,,,,,,,,,,,,,,,,,,,,,,,,4.0,,,,,,,7.0,0.3,0.3,5.0,2.5,2.5,,,,,,,,,,,,,,,,,,,
,MfgGrooveInsert,"L151.2-50005-4E","L151.2-50005-4E",,,,,,,,,,,,,"EITHER","COATED_CARBIDE",,0.0,,15.0,7.0,,7.0,,,,,,,,,,,,,,,,,,,,,,,,,,,,,,,5.0,,,,,,,7.0,0.3,0.3,5.0,2.5,2.5,,,,,,,,,,,,,,,,,,,
,MfgGrooveInsert,"L151.2-60005-4E","L151.2-60005-4E",,,,,,,,,,,,,"EITHER","COATED_CARBIDE",,0.0,,15.0,8.0,,7.0,,,,,,,,,,,,,,,,,,,,,,,,,,,,,,,6.0,,,,,,,8.6,0.3,0.3,5.0,2.5,2.5,,,,,,,,,,,,,,,,,,,
,MfgGrooveInsert,"GX09-1E2.00N0.20","GX09-1E2.00N0.20",,,,,,,,,,,,,"EITHER","COATED_CARBIDE",,0.0,,9.0,2.5,,6.0,,,,,,,,,,,,,,,,,,,,,,,,,,,,,,,2.0,,,,,,,1.5,0.2,0.2,0.0,2.5,2.5,,,,,,,,,,,,,,,,,,,
,MfgGrooveInsert,"GX09-1E2.50N0.20","GX09-1E2.50N0.20",,,,,,,,,,,,,"EITHER","COATED_CARBIDE",,0.0,,9.0,2.5,,6.0,,,,,,,,,,,,,,,,,,,,,,,,,,,,,,,2.5,,,,,,,1.5,0.2,0.2,0.0,2.5,2.5,,,,,,,,,,,,,,,,,,,
,MfgGrooveInsert,"GX09-2E3.00N0.30","GX09-2E3.00N0.30",,,,,,,,,,,,,"EITHER","COATED_CARBIDE",,0.0,,9.0,2.5,,6.0,,,,,,,,,,,,,,,,,,,,,,,,,,,,,,,3.0,,,,,,,1.2,1.2,1.2,0.0,2.5,2.5,,,,,,,,,,,,,,,,,,,
,MfgGrooveInsert,"GX09-2E3.50N0.30","GX09-2E3.50N0.30",,,,,,,,,,,,,"EITHER","COATED_CARBIDE",,0.0,,9.0,2.5,,6.0,,,,,,,,,,,,,,,,,,,,,,,,,,,,,,,3.5,,,,,,,2.0,0.3,0.3,0.0,2.5,2.5,,,,,,,,,,,,,,,,,,,
,MfgGrooveInsert,"GX24-2E3.00N0.30","GX24-2E3.00N0.30",,,,,,,,,,,,,"EITHER","COATED_CARBIDE",,0.0,,11.0,2.5,,6.0,,,,,,,,,,,,,,,,,,,,,,,,,,,,,,,3.0,,,,,,,2.0,0.3,0.3,0.0,2.5,2.5,,,,,,,,,,,,,,,,,,,
,MfgGrooveInternalTool,"LAG151.22-25R-20","LAG151.22-25R-20",,,,,,,,,,,,,,,,,,,,,,,,"INSERT_HOLDER",,,,,,,,,,,,,,,,,116.15,0.0,-17.7,0.0,0.0,0.0,0.0,0.0,0.0,"LEFT",90.0,2.0,1.85,2.15,5.0,90.0,,,,,,,,,32.0,17.7,200.0,32.300000000000004,25.0,,,,,,,,,,,,,,
,MfgGrooveInternalTool,"LAG151.22-40T-25","LAG151.22-40T-25",,,,,,,,,,,,,,,,,,,,,,,,"INSERT_HOLDER",,,,,,,,,,,,,,,,,171.4,0.0,-26.200000000000003,0.0,0.0,0.0,0.0,0.0,0.0,"LEFT",90.0,2.5,2.5,3.15,6.0,90.0,,,,,,,,,50.0,26.200000000000003,300.0,42.5,40.0,,,,,,,,,,,,,,
,MfgGrooveInternalTool,"LAG151.32-16M-20","LAG151.32-16M-20",,,,,,,,,,,,,,,,,,,,,,,,"INSERT_HOLDER",,,,,,,,,,,,,,,,,87.0,0.0,-11.5,0.0,0.0,0.0,0.0,0.0,0.0,"LEFT",90.0,2.0,1.85,2.15,3.5,90.0,,,,,,,,,20.0,11.5,150.0,24.0,16.0,,,,,,,,,,,,,,
,MfgGrooveInternalTool,"LAG151.32-20Q-30","LAG151.32-20Q-30",,,,,,,,,,,,,,,,,,,,,,,,"INSERT_HOLDER",,,,,,,,,,,,,,,,,105.0,0.0,-20.0,0.0,0.0,0.0,0.0,0.0,0.0,"LEFT",90.0,3.0,3.0,3.15,4.5,90.0,,,,,,,,,20.0,14.5,180.0,30.0,20.0,,,,,,,,,,,,,,
,MfgGrooveInternalTool,"LAG151.32-25R-40","LAG151.32-25R-40",,,,,,,,,,,,,,,,,,,,,,,,"INSERT_HOLDER",,,,,,,,,,,,,,,,,116.1,0.0,-18.5,0.0,0.0,0.0,0.0,0.0,0.0,"LEFT",90.0,4.0,4.0,4.15,6.1000000000000005,90.0,,,,,,,,,32.0,18.5,200.0,32.2,25.0,,,,,,,,,,,,,,
,MfgGrooveInternalTool,"RAG151.22-25R-20","RAG151.22-25R-20",,,,,,,,,,,,,,,,,,,,,,,,"INSERT_HOLDER",,,,,,,,,,,,,,,,,116.15,0.0,17.7,0.0,0.0,0.0,0.0,0.0,0.0,"RIGHT",90.0,2.0,1.85,2.15,5.0,90.0,,,,,,,,,32.0,17.7,200.0,32.300000000000004,25.0,,,,,,,,,,,,,,
,MfgGrooveInternalTool,"RAG151.22-40T-25","RAG151.22-40T-25",,,,,,,,,,,,,,,,,,,,,,,,"INSERT_HOLDER",,,,,,,,,,,,,,,,,171.4,0.0,26.200000000000003,0.0,0.0,0.0,0.0,0.0,0.0,"RIGHT",90.0,2.5,2.5,3.15,6.0,90.0,,,,,,,,,50.0,26.200000000000003,300.0,42.5,40.0,,,,,,,,,,,,,,
,MfgGrooveInternalTool,"RAG151.32-16M-20","RAG151.32-16M-20",,,,,,,,,,,,,,,,,,,,,,,,"INSERT_HOLDER",,,,,,,,,,,,,,,,,87.0,0.0,11.5,0.0,0.0,0.0,0.0,0.0,0.0,"RIGHT",90.0,2.0,1.85,2.15,3.5,90.0,,,,,,,,,20.0,11.5,150.0,24.0,16.0,,,,,,,,,,,,,,
,MfgGrooveInternalTool,"RAG151.32-20Q-30","RAG151.32-20Q-30",,,,,,,,,,,,,,,,,,,,,,,,"INSERT_HOLDER",,,,,,,,,,,,,,,,,105.0,0.0,20.0,0.0,0.0,0.0,0.0,0.0,0.0,"RIGHT",90.0,3.0,3.0,3.15,4.5,90.0,,,,,,,,,20.0,14.5,180.0,30.0,20.0,,,,,,,,,,,,,,
,MfgGrooveInternalTool,"RAG151.32-25R-40","RAG151.32-25R-40",,,,,,,,,,,,,,,,,,,,,,,,"INSERT_HOLDER",,,,,,,,,,,,,,,,,116.1,0.0,18.5,0.0,0.0,0.0,0.0,0.0,0.0,"RIGHT",90.0,4.0,4.0,4.15,6.1000000000000005,90.0,,,,,,,,,32.0,18.5,200.0,32.2,25.0,,,,,,,,,,,,,,
,MfgInternalTool,"S16R-PCLNL09","S16R-PCLNL09",,"C","N",,,"09",,,,"L",,,,,,,,9.67,,,0.0,80.0,,"INSERT_HOLDER","P","L",,,"R",5.0,95.0,-6.0,-13.0,3.0,,,,,,95.0,11.0,0.0,200.0,0.0,0.0,0.0,0.0,0.0,0.0,,,,,,,,,,,,,,,,20.0,11.0,200.0,26.0,16.0,"16","S",26.0,,,,,,,,,,,
,MfgInternalTool,"S25T-PCLNL12","S25T-PCLNL12",,"C","N",,,"12",,,,"L",,,,,,,,9.67,,,0.0,80.0,,"INSERT_HOLDER","P","L",,,"T",5.0,95.0,-6.0,-13.0,4.5,,,,,,95.0,17.0,0.0,300.0,0.0,0.0,0.0,0.0,0.0,0.0,,,,,,,,,,,,,,,,32.0,17.0,300.0,37.0,25.0,"25","S",37.0,,,,,,,,,,,
,MfgInternalTool,"S50W-PCLNL16","S50W-PCLNL16",,"C","N",,,"16",,,,"L",,,,,,,,16.1,,,0.0,80.0,,"INSERT_HOLDER","P","L",,,"W",5.0,95.0,-6.0,-11.0,10.0,,,,,,95.0,35.0,0.0,450.0,0.0,0.0,0.0,0.0,0.0,0.0,,,,,,,,,,,,,,,,63.0,35.0,450.0,56.0,50.0,"50","S",56.0,,,,,,,,,,,
,MfgInternalTool,"S50W-PCLNL19","S50W-PCLNL19",,"C","N",,,"19",,,,"L",,,,,,,,19.3,,,0.0,80.0,,"INSERT_HOLDER","P","L",,,"W",5.0,95.0,-6.0,-11.0,10.0,,,,,,95.0,35.0,0.0,450.0,0.0,0.0,0.0,0.0,0.0,0.0,,,,,,,,,,,,,,,,63.0,35.0,450.0,63.0,50.0,"50","S",63.0,,,,,,,,,,,
,MfgInternalTool,"S25T-PDUNL11","S25T-PDUNL11",,"D","N",,,"11",,,,"L",,,,,,,,11.629999999999999,,,0.0,55.0,,"INSERT_HOLDER","P","U",,,"T",27.0,93.0,-6.0,-11.0,4.5,,,,,,93.0,17.0,0.0,300.0,0.0,0.0,0.0,0.0,0.0,0.0,,,,,,,,,,,,,,,,32.0,17.0,300.0,35.0,25.0,"25","S",35.0,,,,,,,,,,,
,MfgInternalTool,"S40V-PDUNL15","S40V-PDUNL15",,"D","N",,,"15",,,,"L",,,,,,,,15.5,,,0.0,55.0,,"INSERT_HOLDER","P","U",,,"V",27.0,93.0,-6.0,-11.0,7.0,,,,,,93.0,27.0,0.0,400.0,0.0,0.0,0.0,0.0,0.0,0.0,,,,,,,,,,,,,,,,50.0,27.0,400.0,56.0,40.0,"40","S",56.0,,,,,,,,,,,
,MfgInternalTool,"S25T-PSKNL12","S25T-PSKNL12",,"S","N",,,"12",,,,"L",,,,,,,,12.7,,,0.0,90.0,,"INSERT_HOLDER","P","K",,,"T",15.0,75.0,-6.0,-11.0,4.5,,,,,,75.0,17.0,0.0,300.0,0.0,0.0,0.0,0.0,0.0,0.0,,,,,,,,,,,,,,,,32.0,17.0,300.0,36.8,25.0,"25","S",36.8,,,,,,,,,,,
,MfgInternalTool,"S16R-PTFNL11","S16R-PTFNL11",,"T","N",,,"11",,,,"L",,,,,,,,11.0,,,0.0,60.0,,"INSERT_HOLDER","P","F",,,"R",29.0,89.0,-6.0,-14.0,3.0,,,,,,91.0,11.0,0.0,200.0,0.0,0.0,0.0,0.0,0.0,0.0,,,,,,,,,,,,,,,,20.0,11.0,200.0,27.0,16.0,"16","S",27.0,,,,,,,,,,,
,MfgInternalTool,"S25T-PTFNL16W","S25T-PTFNL16W",,"T","N",,,"16",,,,"L",,,,,,,,16.6,,,0.0,60.0,,"INSERT_HOLDER","P","F",,,"T",24.0,89.0,-6.0,-13.0,4.5,,,,,,91.0,17.0,0.0,300.0,0.0,0.0,0.0,0.0,0.0,0.0,,,,,,,,,,,,,,,,32.0,17.0,300.0,36.8,25.0,"25","S",36.8,,,,,,,,,,,
,MfgInternalTool,"S40V-PTFNL22W","S40V-PTFNL22W",,"T","N",,,"22",,,,"L",,,,,,,,22.0,,,0.0,60.0,,"INSERT_HOLDER","P","F",,,"V",24.0,89.0,-6.0,-11.0,7.0,,,,,,91.0,27.0,0.0,400.0,0.0,0.0,0.0,0.0,0.0,0.0,,,,,,,,,,,,,,,,50.0,27.0,400.0,58.9,40.0,"40","S",58.9,,,,,,,,,,,
,MfgInternalTool,"S20S-MWLNL06","S20S-MWLNL06",,"W","N",,,"06",,,,"L",,,,,,,,6.5,,,0.0,80.0,,"INSERT_HOLDER","M","L",,,"S",5.0,95.0,-6.0,-14.0,3.0,,,,,,95.0,13.0,0.0,250.0,0.0,0.0,0.0,0.0,0.0,0.0,,,,,,,,,,,,,,,,25.0,13.0,250.0,32.300000000000004,20.0,"20","S",32.300000000000004,,,,,,,,,,,
,MfgInternalTool,"S25T-MWLNL08","S25T-MWLNL08",,"W","N",,,"08",,,,"L",,,,,,,,8.72,,,0.0,80.0,,"INSERT_HOLDER","M","L",,,"T",5.0,95.0,-6.0,-14.0,4.5,,,,,,95.0,17.0,0.0,300.0,0.0,0.0,0.0,0.0,0.0,0.0,,,,,,,,,,,,,,,,32.0,17.0,300.0,39.9,25.0,"25","S",39.9,,,,,,,,,,,
,MfgInternalTool,"S40V-MVUNL16","S40V-MVUNL16",,"V","N",,,"16",,,,"L",,,,,,,,16.6,,,0.0,35.0,,"INSERT_HOLDER","M","U",,,"V",50.0,93.0,-6.0,-10.0,7.0,,,,,,93.0,27.0,0.0,400.0,0.0,0.0,0.0,0.0,0.0,0.0,,,,,,,,,,,,,,,,50.0,27.0,400.0,56.0,40.0,"40","S",56.0,,,,,,,,,,,
,MfgInternalTool,"S16R-PCLNR09","S16R-PCLNR09",,"C","N",,,"09",,,,"R",,,,,,,,9.67,,,0.0,80.0,,"INSERT_HOLDER","P","L",,,"R",5.0,85.0,-6.0,-13.0,3.0,,,,,,95.0,-11.0,0.0,200.0,0.0,0.0,0.0,0.0,0.0,0.0,,,,,,,,,,,,,,,,20.0,11.0,200.0,26.0,16.0,"16","S",26.0,,,,,,,,,,,
,MfgInternalTool,"S25T-PCLNR12","S25T-PCLNR12",,"C","N",,,"12",,,,"R",,,,,,,,9.67,,,0.0,80.0,,"INSERT_HOLDER","P","L",,,"T",5.0,95.0,-6.0,-13.0,4.5,,,,,,95.0,-17.0,0.0,300.0,0.0,0.0,0.0,0.0,0.0,0.0,,,,,,,,,,,,,,,,32.0,17.0,300.0,37.0,25.0,"25","S",37.0,,,,,,,,,,,
,MfgInternalTool,"S50W-PCLNR16","S50W-PCLNR16",,"C","N",,,"16",,,,"R",,,,,,,,16.1,,,0.0,80.0,,"INSERT_HOLDER","P","L",,,"W",5.0,95.0,-6.0,-11.0,10.0,,,,,,95.0,-35.0,0.0,450.0,0.0,0.0,0.0,0.0,0.0,0.0,,,,,,,,,,,,,,,,63.0,35.0,450.0,56.0,50.0,"50","S",56.0,,,,,,,,,,,
,MfgInternalTool,"S50W-PCLNR19","S50W-PCLNR19",,"C","N",,,"19",,,,"R",,,,,,,,19.3,,,0.0,80.0,,"INSERT_HOLDER","P","L",,,"W",5.0,95.0,-6.0,-11.0,10.0,,,,,,95.0,-35.0,0.0,450.0,0.0,0.0,0.0,0.0,0.0,0.0,,,,,,,,,,,,,,,,63.0,35.0,450.0,63.0,50.0,"50","S",63.0,,,,,,,,,,,
,MfgInternalTool,"S25T-PDUNR11","S25T-PDUNR11",,"D","N",,,"11",,,,"R",,,,,,,,11.629999999999999,,,0.0,55.0,,"INSERT_HOLDER","P","U",,,"T",27.0,93.0,-6.0,-11.0,4.5,,,,,,93.0,-17.0,0.0,300.0,0.0,0.0,0.0,0.0,0.0,0.0,,,,,,,,,,,,,,,,32.0,17.0,300.0,35.0,25.0,"25","S",35.0,,,,,,,,,,,
,MfgInternalTool,"S40V-PDUNR15","S40V-PDUNR15",,"D","N",,,"15",,,,"R",,,,,,,,15.5,,,0.0,55.0,,"INSERT_HOLDER","P","U",,,"V",27.0,93.0,-6.0,-11.0,7.0,,,,,,93.0,-27.0,0.0,400.0,0.0,0.0,0.0,0.0,0.0,0.0,,,,,,,,,,,,,,,,50.0,27.0,400.0,56.0,40.0,"40","S",56.0,,,,,,,,,,,
,MfgInternalTool,"S25T-PSKNR12","S25T-PSKNR12",,"S","N",,,"12",,,,"R",,,,,,,,12.7,,,0.0,90.0,,"INSERT_HOLDER","P","K",,,"T",15.0,95.0,-6.0,-11.0,4.5,,,,,,75.0,-17.0,0.0,300.0,0.0,0.0,0.0,0.0,0.0,0.0,,,,,,,,,,,,,,,,32.0,17.0,300.0,36.8,25.0,"25","S",36.8,,,,,,,,,,,
,MfgInternalTool,"S16R-PTFNR11","S16R-PTFNR11",,"T","N",,,"11",,,,"R",,,,,,,,11.0,,,0.0,60.0,,"INSERT_HOLDER","P","F",,,"R",29.0,89.0,-6.0,-14.0,3.0,,,,,,91.0,-11.0,0.0,200.0,0.0,0.0,0.0,0.0,0.0,0.0,,,,,,,,,,,,,,,,20.0,11.0,200.0,27.0,16.0,"16","S",27.0,,,,,,,,,,,
,MfgInternalTool,"S25T-PTFNR16W","S25T-PTFNR16W",,"T","N",,,"16",,,,"R",,,,,,,,16.6,,,0.0,60.0,,"INSERT_HOLDER","P","F",,,"T",24.0,89.0,-6.0,-13.0,4.5,,,,,,91.0,-17.0,0.0,300.0,0.0,0.0,0.0,0.0,0.0,0.0,,,,,,,,,,,,,,,,32.0,17.0,300.0,36.8,25.0,"25","S",36.8,,,,,,,,,,,
,MfgInternalTool,"S40V-PTFNR22W","S40V-PTFNR22W",,"T","N",,,"22",,,,"R",,,,,,,,22.0,,,0.0,60.0,,"INSERT_HOLDER","P","F",,,"V",24.0,89.0,-6.0,-11.0,7.0,,,,,,91.0,-27.0,0.0,400.0,0.0,0.0,0.0,0.0,0.0,0.0,,,,,,,,,,,,,,,,50.0,27.0,400.0,58.9,40.0,"40","S",58.9,,,,,,,,,,,
,MfgInternalTool,"S20S-MWLNR06","S20S-MWLNR06",,"W","N",,,"06",,,,"R",,,,,,,,6.5,,,0.0,80.0,,"INSERT_HOLDER","M","L",,,"S",5.0,95.0,-6.0,-14.0,3.0,,,,,,95.0,-13.0,0.0,250.0,0.0,0.0,0.0,0.0,0.0,0.0,,,,,,,,,,,,,,,,25.0,13.0,250.0,32.300000000000004,20.0,"20","S",32.300000000000004,,,,,,,,,,,
,MfgInternalTool,"S25T-MWLNR08","S25T-MWLNR08",,"W","N",,,"08",,,,"R",,,,,,,,8.72,,,0.0,80.0,,"INSERT_HOLDER","M","L",,,"T",5.0,95.0,-6.0,-14.0,4.5,,,,,,95.0,-17.0,0.0,300.0,0.0,0.0,0.0,0.0,0.0,0.0,,,,,,,,,,,,,,,,32.0,17.0,300.0,39.9,25.0,"25","S",39.9,,,,,,,,,,,
,MfgInternalTool,"S40V-MVUNR16","S40V-MVUNR16",,"V","N",,,"16",,,,"R",,,,,,,,16.6,,,0.0,35.0,,"INSERT_HOLDER","M","U",,,"V",50.0,93.0,-6.0,-10.0,7.0,,,,,,93.0,-27.0,0.0,400.0,0.0,0.0,0.0,0.0,0.0,0.0,,,,,,,,,,,,,,,,50.0,27.0,400.0,56.0,40.0,"40","S",56.0,,,,,,,,,,,
,MfgInternalTool,"S12M-SCLCL06","S12M-SCLCL06",,"C","C",,,"06",,,,"L",,,,,,,,6.45,,,7.0,80.0,,"INSERT_HOLDER","S","L",,,"M",5.0,95.0,0.0,-15.0,3.0,,,,,,95.0,9.0,0.0,150.0,0.0,0.0,0.0,0.0,0.0,0.0,,,,,,,,,,,,,,,,16.0,9.0,150.0,24.5,12.0,"12","S",24.5,,,,,,,,,,,
,MfgInternalTool,"S16R-SCLCL09-M","S16R-SCLCL09-M",,"C","C",,,"09",,,,"L",,,,,,,,9.525,,,7.0,80.0,,"INSERT_HOLDER","S","L",,,"R",5.0,95.0,0.0,-12.0,3.0,,,,,,95.0,11.0,0.0,200.0,0.0,0.0,0.0,0.0,0.0,0.0,,,,,,,,,,,,,,,,20.0,11.0,200.0,32.5,16.0,"16","S",32.5,,,,,,,,,,,
,MfgInternalTool,"S25T-SCLCL12","S25T-SCLCL12",,"C","C",,,"12",,,,"L",,,,,,,,12.7,,,7.0,80.0,,"INSERT_HOLDER","S","L",,,"T",5.0,95.0,0.0,-6.0,4.5,,,,,,95.0,17.0,0.0,300.0,0.0,0.0,0.0,0.0,0.0,0.0,,,,,,,,,,,,,,,,32.0,17.0,300.0,45.0,25.0,"25","S",45.0,,,,,,,,,,,
,MfgInternalTool,"S10K-SDUCL07","S10K-SDUCL07",,"D","C",,,"07",,,,"L",,,,,,,,7.75,,,7.0,55.0,,"INSERT_HOLDER","S","U",,,"K",30.0,93.0,0.0,-15.0,2.0,,,,,,93.0,7.0,0.0,125.0,0.0,0.0,0.0,0.0,0.0,0.0,,,,,,,,,,,,,,,,13.0,7.0,125.0,19.8,10.0,"10","S",19.8,,,,,,,,,,,
,MfgInternalTool,"S20S-PDUCL11-M","S20S-PDUCL11-M",,"D","C",,,"11",,,,"L",,,,,,,,11.629999999999999,,,7.0,55.0,,"INSERT_HOLDER","S","U",,,"S",30.0,93.0,0.0,-6.0,3.0,,,,,,93.0,13.0,0.0,250.0,0.0,0.0,0.0,0.0,0.0,0.0,,,,,,,,,,,,,,,,25.0,13.0,250.0,25.0,20.0,"20","S",30.4,,,,,,,,,,,
,MfgInternalTool,"S16R-SSKCL09-M","S16R-SSKCL09-M",,"S","C",,,"09",,,,"L",,,,,,,,9.525,,,7.0,90.0,,"INSERT_HOLDER","S","K",,,"R",15.0,75.0,0.0,-1.0,3.0,,,,,,75.0,11.0,0.0,200.0,0.0,0.0,0.0,0.0,0.0,0.0,,,,,,,,,,,,,,,,20.0,11.0,200.0,32.5,16.0,"16","S",32.5,,,,,,,,,,,
,MfgInternalTool,"S25T-SSKCL12","S25T-SSKCL12",,"S","C",,,"12",,,,"L",,,,,,,,12.7,,,7.0,90.0,,"INSERT_HOLDER","S","K",,,"T",15.0,75.0,0.0,-8.0,4.5,,,,,,75.0,17.0,0.0,300.0,0.0,0.0,0.0,0.0,0.0,0.0,,,,,,,,,,,,,,,,32.0,17.0,300.0,44.8,25.0,"25","S",44.8,,,,,,,,,,,
,MfgInternalTool,"S10K-STFCL09","S10K-STFCL09",,"T","C",,,"09",,,,"L",,,,,,,,6.88,,,7.0,60.0,,"INSERT_HOLDER","S","F",,,"K",29.0,89.0,0.0,-15.0,2.0,,,,,,91.0,7.0,0.0,125.0,0.0,0.0,0.0,0.0,0.0,0.0,,,,,,,,,,,,,,,,13.0,7.0,125.0,22.5,10.0,"10","S",22.5,,,,,,,,,,,
,MfgInternalTool,"S12M-STFCL11","S12M-STFCL11",,"T","C",,,"11",,,,"L",,,,,,,,11.0,,,7.0,60.0,,"INSERT_HOLDER","S","F",,,"M",29.0,89.0,0.0,-10.0,3.0,,,,,,91.0,9.0,0.0,150.0,0.0,0.0,0.0,0.0,0.0,0.0,,,,,,,,,,,,,,,,16.0,9.0,150.0,16.0,12.0,"12","S",30.0,,,,,,,,,,,
,MfgInternalTool,"S25T-STFCL16-M","S25T-STFCL16-M",,"T","C",,,"16",,,,"L",,,,,,,,6.88,,,7.0,60.0,,"INSERT_HOLDER","S","F",,,"T",29.0,89.0,0.0,-6.0,4.5,,,,,,91.0,17.0,0.0,300.0,0.0,0.0,0.0,0.0,0.0,0.0,,,,,,,,,,,,,,,,32.0,17.0,300.0,36.8,25.0,"25","S",36.8,,,,,,,,,,,
,MfgInternalTool,"S16R-SVUBL11-E","S16R-SVUBL11-E",,"V","B",,,"11",,,,"L",,,,,,,,11.0,,,5.0,35.0,,"INSERT_HOLDER","S","U",,,"R",50.0,93.0,0.0,-7.0,5.0,,,,,,93.0,13.0,0.0,200.0,0.0,0.0,0.0,0.0,0.0,0.0,,,,,,,,,,,,,,,,22.0,13.0,200.0,27.0,16.0,"16","S",27.0,,,,,,,,,,,
,MfgInternalTool,"S25T-SVUBL16-D","S25T-SVUBL16-D",,"V","B",,,"16",,,,"L",,,,,,,,16.6,,,5.0,35.0,,"INSERT_HOLDER","S","U",,,"T",50.0,93.0,0.0,-6.0,5.5,,,,,,93.0,18.0,0.0,300.0,0.0,0.0,0.0,0.0,0.0,0.0,,,,,,,,,,,,,,,,33.0,18.0,300.0,40.0,25.0,"25","S",40.0,,,,,,,,,,,
,MfgInternalTool,"S16R-SVQBL11-E","S16R-SVQBL11-E",,"V","B",,,"11",,,,"L",,,,,,,,11.0,,,5.0,35.0,,"INSERT_HOLDER","S","Q",,,"R",35.0,107.5,0.0,-7.0,5.0,,,,,,107.5,13.0,0.0,200.0,0.0,0.0,0.0,0.0,0.0,0.0,,,,,,,,,,,,,,,,22.0,13.0,200.0,32.4,16.0,"16","S",32.4,,,,,,,,,,,
,MfgInternalTool,"S25T-SVQBL16-D","S25T-SVQBL16-D",,"V","B",,,"16",,,,"L",,,,,,,,16.6,,,5.0,35.0,,"INSERT_HOLDER","S","Q",,,"T",35.0,107.5,0.0,-6.0,5.5,,,,,,107.5,18.0,0.0,300.0,0.0,0.0,0.0,0.0,0.0,0.0,,,,,,,,,,,,,,,,33.0,18.0,300.0,40.0,25.0,"25","S",40.0,,,,,,,,,,,
,MfgInternalTool,"S12M-SCLCR06","S12M-SCLCR06",,"C","C",,,"06",,,,"R",,,,,,,,6.45,,,7.0,80.0,,"INSERT_HOLDER","S","L",,,"M",5.0,95.0,0.0,-15.0,3.0,,,,,,95.0,-9.0,0.0,150.0,0.0,0.0,0.0,0.0,0.0,0.0,,,,,,,,,,,,,,,,16.0,9.0,150.0,24.5,12.0,"12","S",24.5,,,,,,,,,,,
,MfgInternalTool,"S16R-SCLCR09-M","S16R-SCLCR09-M",,"C","C",,,"09",,,,"R",,,,,,,,9.525,,,7.0,80.0,,"INSERT_HOLDER","S","L",,,"R",5.0,95.0,0.0,-12.0,3.0,,,,,,95.0,-11.0,0.0,200.0,0.0,0.0,0.0,0.0,0.0,0.0,,,,,,,,,,,,,,,,20.0,11.0,200.0,32.5,16.0,"16","S",32.5,,,,,,,,,,,
,MfgInternalTool,"S25T-SCLCR12","S25T-SCLCR12",,"C","C",,,"12",,,,"R",,,,,,,,12.7,,,7.0,80.0,,"INSERT_HOLDER","S","L",,,"T",5.0,95.0,0.0,-6.0,4.5,,,,,,95.0,-17.0,0.0,300.0,0.0,0.0,0.0,0.0,0.0,0.0,,,,,,,,,,,,,,,,32.0,17.0,300.0,45.0,25.0,"25","S",45.0,,,,,,,,,,,
,MfgInternalTool,"S10K-SDUCR07","S10K-SDUCR07",,"D","C",,,"07",,,,"R",,,,,,,,7.75,,,7.0,55.0,,"INSERT_HOLDER","S","U",,,"K",30.0,93.0,0.0,-15.0,2.0,,,,,,93.0,-7.0,0.0,125.0,0.0,0.0,0.0,0.0,0.0,0.0,,,,,,,,,,,,,,,,13.0,7.0,125.0,19.8,10.0,"10","S",19.8,,,,,,,,,,,
,MfgInternalTool,"S20S-SDUCR11-M","S20S-SDUCR11-M",,"D","C",,,"11",,,,"R",,,,,,,,11.629999999999999,,,7.0,55.0,,"INSERT_HOLDER","S","U",,,"S",30.0,93.0,0.0,-6.0,3.0,,,,,,93.0,-13.0,0.0,250.0,0.0,0.0,0.0,0.0,0.0,0.0,,,,,,,,,,,,,,,,25.0,13.0,250.0,25.0,20.0,"20","S",30.4,,,,,,,,,,,
,MfgInternalTool,"S16R-SSKCR09-M","S16R-SSKCR09-M",,"S","C",,,"09",,,,"R",,,,,,,,9.525,,,7.0,90.0,,"INSERT_HOLDER","S","K",,,"R",15.0,75.0,0.0,-1.0,3.0,,,,,,75.0,-11.0,0.0,200.0,0.0,0.0,0.0,0.0,0.0,0.0,,,,,,,,,,,,,,,,20.0,11.0,200.0,32.5,16.0,"16","S",32.5,,,,,,,,,,,
,MfgInternalTool,"S25T-SSKCR12","S25T-SSKCR12",,"S","C",,,"12",,,,"R",,,,,,,,12.7,,,7.0,90.0,,"INSERT_HOLDER","S","K",,,"T",15.0,75.0,0.0,-8.0,4.5,,,,,,75.0,-17.0,0.0,300.0,0.0,0.0,0.0,0.0,0.0,0.0,,,,,,,,,,,,,,,,32.0,17.0,300.0,44.8,25.0,"25","S",44.8,,,,,,,,,,,
,MfgInternalTool,"S10K-STFCR09","S10K-STFCR09",,"T","C",,,"09",,,,"R",,,,,,,,6.88,,,7.0,60.0,,"INSERT_HOLDER","S","F",,,"K",29.0,89.0,0.0,-15.0,2.0,,,,,,91.0,-7.0,0.0,125.0,0.0,0.0,0.0,0.0,0.0,0.0,,,,,,,,,,,,,,,,13.0,7.0,125.0,22.5,10.0,"10","S",22.5,,,,,,,,,,,
,MfgInternalTool,"S12M-STFCR11","S12M-STFCR11",,"T","C",,,"11",,,,"R",,,,,,,,11.0,,,7.0,60.0,,"INSERT_HOLDER","S","F",,,"M",29.0,89.0,0.0,-10.0,3.0,,,,,,91.0,-9.0,0.0,150.0,0.0,0.0,0.0,0.0,0.0,0.0,,,,,,,,,,,,,,,,16.0,9.0,150.0,16.0,12.0,"12","S",30.0,,,,,,,,,,,
,MfgInternalTool,"S25T-STFCR16-M","S25T-STFCR16-M",,"T","C",,,"16",,,,"R",,,,,,,,6.88,,,7.0,60.0,,"INSERT_HOLDER","S","F",,,"T",29.0,89.0,0.0,-6.0,4.5,,,,,,91.0,-17.0,0.0,300.0,0.0,0.0,0.0,0.0,0.0,0.0,,,,,,,,,,,,,,,,32.0,17.0,300.0,36.8,25.0,"25","S",36.8,,,,,,,,,,,
,MfgInternalTool,"S16R-SVUBR11-E","S16R-SVUBR11-E",,"V","B",,,"11",,,,"R",,,,,,,,11.0,,,5.0,35.0,,"INSERT_HOLDER","S","U",,,"R",50.0,93.0,0.0,-7.0,5.0,,,,,,93.0,-13.0,0.0,200.0,0.0,0.0,0.0,0.0,0.0,0.0,,,,,,,,,,,,,,,,22.0,13.0,200.0,27.0,16.0,"16","S",27.0,,,,,,,,,,,
,MfgInternalTool,"S25T-SVUBR16-D","S25T-SVUBR16-D",,"V","B",,,"16",,,,"R",,,,,,,,16.6,,,5.0,35.0,,"INSERT_HOLDER","S","U",,,"T",50.0,93.0,0.0,-6.0,5.5,,,,,,93.0,-18.0,0.0,300.0,0.0,0.0,0.0,0.0,0.0,0.0,,,,,,,,,,,,,,,,33.0,18.0,300.0,40.0,25.0,"25","S",40.0,,,,,,,,,,,
,MfgInternalTool,"S16R-SVQBR11-E","S16R-SVQBR11-E",,"V","B",,,"11",,,,"R",,,,,,,,11.0,,,5.0,35.0,,"INSERT_HOLDER","S","Q",,,"R",35.0,107.5,0.0,-7.0,5.0,,,,,,107.5,-13.0,0.0,200.0,0.0,0.0,0.0,0.0,0.0,0.0,,,,,,,,,,,,,,,,22.0,13.0,200.0,32.4,16.0,"16","S",32.4,,,,,,,,,,,
,MfgInternalTool,"S25T-SVQBR16-D","S25T-SVQBR16-D",,"V","B",,,"16",,,,"R",,,,,,,,16.6,,,5.0,35.0,,"INSERT_HOLDER","S","Q",,,"T",35.0,107.5,0.0,-6.0,5.5,,,,,,107.5,-18.0,0.0,300.0,0.0,0.0,0.0,0.0,0.0,0.0,,,,,,,,,,,,,,,,33.0,18.0,300.0,40.0,25.0,"25","S",40.0,,,,,,,,,,,
,MfgRoundInsert,"RCGT0602M0","RCGT0602M0",,"R","C","G","T","06","02","M0",,"N",,"POSITIVE","EITHER","COATED_CARBIDE",,0.0,,,2.3800000000000003,6.0,7.0,,,,,,,,,,,,,,,,,,,,,,,,,,,,,,,,,,,,,,,,,,,,,,,,,,,,,,,,,,,,,,
,MfgRoundInsert,"RCMT10T3M0T","RCMT10T3M0T",,"R","C","M","T","10","T3","M0",,"N",,"POSITIVE","EITHER","COATED_CARBIDE",,0.0,,,3.9699999999999998,5.0,7.0,,,,,,,,,,,,,,,,,,,,,,,,,,,,,,,,,,,,,,,,,,,,,,,,,,,,,,,,,,,,,,
,MfgRoundInsert,"RCMT1204M0T","RCMT1204M0T",,"R","C","M","T","12","04","M0",,"N",,"POSITIVE","EITHER","COATED_CARBIDE",,0.0,,,4.760000000000001,6.0,7.0,,,,,,,,,,,,,,,,,,,,,,,,,,,,,,,,,,,,,,,,,,,,,,,,,,,,,,,,,,,,,,
,MfgRoundInsert,"RCMT1605M0T","RCMT1605M0T",,"R","C","M","T","16","05","M0",,"N",,"POSITIVE","EITHER","COATED_CARBIDE",,0.0,,,5.56,8.0,7.0,,,,,,,,,,,,,,,,,,,,,,,,,,,,,,,,,,,,,,,,,,,,,,,,,,,,,,,,,,,,,,
,MfgRoundInsert,"RCMT2006M0T","RCMT2006M0T",,"R","C","M","T","20","06","M0",,"N",,"POSITIVE","EITHER","COATED_CARBIDE",,0.0,,,6.35,10.0,7.0,,,,,,,,,,,,,,,,,,,,,,,,,,,,,,,,,,,,,,,,,,,,,,,,,,,,,,,,,,,,,,
,MfgRoundInsert,"RCMT2507M0T","RCMT2507M0T",,"R","C","M","T","25","07","M0",,"N",,"POSITIVE","EITHER","COATED_CARBIDE",,0.0,,,7.9399999999999995,12.5,7.0,,,,,,,,,,,,,,,,,,,,,,,,,,,,,,,,,,,,,,,,,,,,,,,,,,,,,,,,,,,,,,
,MfgSquareInsert,"SNMA120408","SNMA120408",,"S","N","M","A","12","04","08",,"R",,"NEGATIVE","EITHER","COATED_CARBIDE",,0.0,12.7,12.7,4.760000000000001,0.8,0.0,90.0,,,,,,,,,,,,,,,,,,,,,,,,,,,,,,,,,,,,,,,,,,,,,,,,,,,,,,,,,,,,,
,MfgSquareInsert,"SNMA120412","SNMA120412",,"S","N","M","A","12","04","12",,"R",,"NEGATIVE","EITHER","COATED_CARBIDE",,0.0,12.7,12.7,4.760000000000001,1.2,0.0,90.0,,,,,,,,,,,,,,,,,,,,,,,,,,,,,,,,,,,,,,,,,,,,,,,,,,,,,,,,,,,,,
,MfgSquareInsert,"SNMA120416","SNMA120416",,"S","N","M","A","12","04","16",,"R",,"NEGATIVE","EITHER","COATED_CARBIDE",,0.0,12.7,12.7,4.760000000000001,1.6,0.0,90.0,,,,,,,,,,,,,,,,,,,,,,,,,,,,,,,,,,,,,,,,,,,,,,,,,,,,,,,,,,,,,
,MfgSquareInsert,"SNMG120408","SNMG120408",,"S","N","M","G","12","04","08",,"R",,"NEGATIVE","EITHER","COATED_CARBIDE",,0.0,12.7,12.7,4.760000000000001,0.8,0.0,90.0,,,,,,,,,,,,,,,,,,,,,,,,,,,,,,,,,,,,,,,,,,,,,,,,,,,,,,,,,,,,,
,MfgSquareInsert,"SNMG120412","SNMG120412",,"S","N","M","G","12","04","12",,"R",,"NEGATIVE","EITHER","COATED_CARBIDE",,0.0,12.7,12.7,4.760000000000001,1.2,0.0,90.0,,,,,,,,,,,,,,,,,,,,,,,,,,,,,,,,,,,,,,,,,,,,,,,,,,,,,,,,,,,,,
,MfgSquareInsert,"SNMG190616","SNMG190616",,"S","N","M","G","19","06","16",,"R",,"NEGATIVE","EITHER","COATED_CARBIDE",,0.0,19.05,19.05,6.35,1.6,0.0,90.0,,,,,,,,,,,,,,,,,,,,,,,,,,,,,,,,,,,,,,,,,,,,,,,,,,,,,,,,,,,,,
,MfgSquareInsert,"SCMT090308","SCMT090308",,"S","C","M","T","09","03","08",,"R",,"POSITIVE","EITHER","COATED_CARBIDE",,0.0,9.525,9.525,3.18,0.8,7.0,90.0,,,,,,,,,,,,,,,,,,,,,,,,,,,,,,,,,,,,,,,,,,,,,,,,,,,,,,,,,,,,,
,MfgSquareInsert,"SCMT120404","SCMT120404",,"S","C","M","T","12","04","04",,"R",,"POSITIVE","EITHER","COATED_CARBIDE",,0.0,12.7,12.7,4.760000000000001,0.4,7.0,90.0,,,,,,,,,,,,,,,,,,,,,,,,,,,,,,,,,,,,,,,,,,,,,,,,,,,,,,,,,,,,,
,MfgSquareInsert,"SCMT120408","SCMT120408",,"S","C","M","T","12","04","08",,"R",,"POSITIVE","EITHER","COATED_CARBIDE",,0.0,12.7,12.7,4.760000000000001,0.8,7.0,90.0,,,,,,,,,,,,,,,,,,,,,,,,,,,,,,,,,,,,,,,,,,,,,,,,,,,,,,,,,,,,,
,MfgSquareInsert,"SCMT150508","SCMT150508",,"S","C","M","T","15","05","08",,"R",,"POSITIVE","EITHER","COATED_CARBIDE",,0.0,15.875,15.875,5.56,0.8,7.0,90.0,,,,,,,,,,,,,,,,,,,,,,,,,,,,,,,,,,,,,,,,,,,,,,,,,,,,,,,,,,,,,
,MfgSquareInsert,"SCMT150512","SCMT150512",,"S","C","M","T","15","05","12",,"R",,"POSITIVE","EITHER","COATED_CARBIDE",,0.0,15.875,15.875,5.56,1.2,7.0,90.0,,,,,,,,,,,,,,,,,,,,,,,,,,,,,,,,,,,,,,,,,,,,,,,,,,,,,,,,,,,,,
,MfgSquareInsert,"SPMR120308","SPMR120308",,"S","P","M","R","12","03","08",,"R",,"POSITIVE","EITHER","COATED_CARBIDE",,0.0,12.7,12.7,3.18,0.8,11.0,90.0,,,,,,,,,,,,,,,,,,,,,,,,,,,,,,,,,,,,,,,,,,,,,,,,,,,,,,,,,,,,,
,MfgThreadExternalTool,"L166.4FG-1616-16","L166.4FG-1616-16",,,,,,,,,,,,,,,,,,16.0,,,,,,"INSERT_HOLDER",,,,,,,,,,,16.0,16.0,100.0,21.4,20.0,,60.699999999999996,16.0,-4.0,,,,0.0,0.0,0.0,,,,,,,,,,,,,,,,,,,,,,,,,"LEFT_HAND",,,,,,,,,
,MfgThreadExternalTool,"L166.4FG-3225-16","L166.4FG-3225-16",,,,,,,,,,,,,,,,,,16.0,,,,,,"INSERT_HOLDER",,,,,,,,,,,32.0,25.0,150.0,22.2,32.0,,86.1,32.0,-7.0,,,,0.0,0.0,0.0,,,,,,,,,,,,,,,,,,,,,,,,,"LEFT_HAND",,,,,,,,,
,MfgThreadExternalTool,"L166.4FG-2525-22","L166.4FG-2525-22",,,,,,,,,,,,,,,,,,22.0,,,,,,"INSERT_HOLDER",,,,,,,,,,,25.0,25.0,150.0,28.2,32.0,,89.1,25.0,-7.0,,,,0.0,0.0,0.0,,,,,,,,,,,,,,,,,,,,,,,,,"LEFT_HAND",,,,,,,,,
,MfgThreadExternalTool,"L166.5FA-1212-16","L166.5FA-1212-16",,,,,,,,,,,,,,,,,,16.0,,,,,,"INSERT_HOLDER",,,,,,,,,,,12.0,12.0,80.0,30.4,12.5,,55.199999999999996,12.0,-0.5,,,,0.0,0.0,0.0,,,,,,,,,,,,,,,,,,,,,,,,,"LEFT_HAND",,,,,,,,,
,MfgThreadExternalTool,"R166.4FG-1616-16","R166.4FG-1616-16",,,,,,,,,,,,,,,,,,16.0,,,,,,"INSERT_HOLDER",,,,,,,,,,,16.0,16.0,100.0,21.4,20.0,,60.699999999999996,16.0,20.0,,,,0.0,0.0,0.0,,,,,,,,,,,,,,,,,,,,,,,,,"RIGHT_HAND",,,,,,,,,
,MfgThreadExternalTool,"R166.4FG-3225-16","R166.4FG-3225-16",,,,,,,,,,,,,,,,,,16.0,,,,,,"INSERT_HOLDER",,,,,,,,,,,32.0,25.0,150.0,22.2,32.0,,86.1,32.0,32.0,,,,0.0,0.0,0.0,,,,,,,,,,,,,,,,,,,,,,,,,"RIGHT_HAND",,,,,,,,,
,MfgThreadExternalTool,"R166.4FG-2525-22","R166.4FG-2525-22",,,,,,,,,,,,,,,,,,22.0,,,,,,"INSERT_HOLDER",,,,,,,,,,,25.0,25.0,150.0,28.2,32.0,,89.1,25.0,32.0,,,,0.0,0.0,0.0,,,,,,,,,,,,,,,,,,,,,,,,,"RIGHT_HAND",,,,,,,,,
,MfgThreadExternalTool,"R166.5FA-1212-16","R166.5FA-1212-16",,,,,,,,,,,,,,,,,,16.0,,,,,,"INSERT_HOLDER",,,,,,,,,,,12.0,12.0,80.0,30.4,12.5,,55.199999999999996,12.0,12.5,,,,0.0,0.0,0.0,,,,,,,,,,,,,,,,,,,,,,,,,"RIGHT_HAND",,,,,,,,,
,MfgThreadInsert,"L166.0G-16MM01-150","L166.0G-16MM01-150",,,,,,,,,,,,,,"OTHER",,0.0,9.525,16.0,3.9699999999999998,0.0,,60.0,,,,,,,,,,,,,,,,,,,,,,,,,,,,,,,,,,,,,,,,,,,,,,,,,,,,"LEFT_HAND","EXTERNAL",1.5,"METRIC","ISO",60.0,1.32,1.0,0.0,
,MfgThreadInsert,"L166.0G-16TR01F150","L166.0G-16TR01F150",,,,,,,,,,,,,,"OTHER",,0.0,9.525,16.0,3.9699999999999998,0.0,,60.0,,,,,,,,,,,,,,,,,,,,,,,,,,,,,,,,,,,,,,,,,,,,,,,,,,,,"LEFT_HAND","EXTERNAL",1.5,"METRIC","TRAPEZ",30.0,1.3699999999999999,1.0,0.0,
,MfgThreadInsert,"L166.0G-22TR01F400","L166.0G-22TR01F400",,,,,,,,,,,,,,"OTHER",,0.0,12.7,22.0,5.56,0.0,,60.0,,,,,,,,,,,,,,,,,,,,,,,,,,,,,,,,,,,,,,,,,,,,,,,,,,,,"LEFT_HAND","EXTERNAL",4.0,"METRIC","TRAPEZ",30.0,1.42,1.9,0.0,
,MfgThreadInsert,"L166.0G-16NT01-140","L166.0G-16NT01-140",,,,,,,,,,,,,,"OTHER",,0.0,9.525,16.0,3.9699999999999998,0.0,,60.0,,,,,,,,,,,,,,,,,,,,,,,,,,,,,,,,,,,,,,,,,,,,,,,,,,,,"LEFT_HAND","EXTERNAL",46.082966000000006,"METRIC","NPT",60.0,1.03,1.2,0.0,
,MfgThreadInsert,"L166.0G-16WH01-280","L166.0G-16WH01-280",,,,,,,,,,,,,,"OTHER",,0.0,9.525,16.0,3.9699999999999998,0.0,,60.0,,,,,,,,,,,,,,,,,,,,,,,,,,,,,,,,,,,,,,,,,,,,,,,,,,,,"LEFT_HAND","EXTERNAL",23.041356,"METRIC","NPT",55.0,1.32,0.8,0.0,
,MfgThreadInsert,"L166.0G-22WH01-070","L166.0G-22WH01-070",,,,,,,,,,,,,,"OTHER",,0.0,12.7,22.0,5.56,0.0,,60.0,,,,,,,,,,,,,,,,,,,,,,,,,,,,,,,,,,,,,,,,,,,,,,,,,,,,"LEFT_HAND","EXTERNAL",92.165678,"METRIC","NPT",55.0,1.6,2.5,0.0,
,MfgThreadInsert,"R166.0G-16MM01-150","R166.0G-16MM01-150",,,,,,,,,,,,,,"OTHER",,0.0,9.525,16.0,3.9699999999999998,0.0,,60.0,,,,,,,,,,,,,,,,,,,,,,,,,,,,,,,,,,,,,,,,,,,,,,,,,,,,"RIGHT_HAND","EXTERNAL",1.5,"METRIC","TRAPEZ",60.0,1.32,1.0,0.0,
,MfgThreadInsert,"R166.0G-22MM01-350","R166.0G-22MM01-350",,,,,,,,,,,,,,"OTHER",,0.0,12.7,22.0,5.56,0.0,,60.0,,,,,,,,,,,,,,,,,,,,,,,,,,,,,,,,,,,,,,,,,,,,,,,,,,,,"RIGHT_HAND","EXTERNAL",3.5,"METRIC","TRAPEZ",60.0,1.6700000000000002,2.5,0.0,
,MfgThreadInsert,"R166.0G-16TR01F150","R166.0G-16TR01F150",,,,,,,,,,,,,,"OTHER",,0.0,9.525,16.0,3.9699999999999998,0.0,,60.0,,,,,,,,,,,,,,,,,,,,,,,,,,,,,,,,,,,,,,,,,,,,,,,,,,,,"RIGHT_HAND","EXTERNAL",1.5,"METRIC","TRAPEZ",30.0,1.3699999999999999,1.0,0.0,
,MfgThreadInsert,"R166.0G-22TR01F400","R166.0G-22TR01F400",,,,,,,,,,,,,,"OTHER",,0.0,12.7,22.0,5.56,0.0,,60.0,,,,,,,,,,,,,,,,,,,,,,,,,,,,,,,,,,,,,,,,,,,,,,,,,,,,"RIGHT_HAND","EXTERNAL",4.0,"METRIC","TRAPEZ",30.0,1.42,1.9,0.0,
,MfgThreadInsert,"R166.0G-16NT01-140","R166.0G-16NT01-140",,,,,,,,,,,,,,"OTHER",,0.0,9.525,16.0,3.9699999999999998,0.0,,60.0,,,,,,,,,,,,,,,,,,,,,,,,,,,,,,,,,,,,,,,,,,,,,,,,,,,,"RIGHT_HAND","EXTERNAL",46.082966000000006,"METRIC","NPT",60.0,1.03,1.2,0.0,
,MfgThreadInsert,"R166.0G-16WH01-280","R166.0G-16WH01-280",,,,,,,,,,,,,,"OTHER",,0.0,9.525,16.0,3.9699999999999998,0.0,,60.0,,,,,,,,,,,,,,,,,,,,,,,,,,,,,,,,,,,,,,,,,,,,,,,,,,,,"RIGHT_HAND","EXTERNAL",23.041356,"METRIC","NPT",55.0,1.32,0.8,0.0,
,MfgThreadInsert,"R166.0G-22WH01-070","R166.0G-22WH01-070",,,,,,,,,,,,,,"OTHER",,0.0,12.7,22.0,5.56,0.0,,60.0,,,,,,,,,,,,,,,,,,,,,,,,,,,,,,,,,,,,,,,,,,,,,,,,,,,,"RIGHT_HAND","EXTERNAL",92.165678,"METRIC","NPT",55.0,1.6700000000000002,2.5,0.0,
,MfgThreadInsert,"L166.0L-11MM01-050","L166.0L-11MM01-050",,,,,,,,,,,,,,"OTHER",,0.0,6.35,11.0,3.17,0.0,,60.0,,,,,,,,,,,,,,,,,,,,,,,,,,,,,,,,,,,,,,,,,,,,,,,,,,,,"LEFT_HAND","INTERNAL",0.5,"METRIC","ISO",60.0,0.7200000000000001,0.5,0.0,
,MfgThreadInsert,"L166.0L-16MM01-150","L166.0L-16MM01-150",,,,,,,,,,,,,,"OTHER",,0.0,9.525,16.0,3.9699999999999998,0.0,,60.0,,,,,,,,,,,,,,,,,,,,,,,,,,,,,,,,,,,,,,,,,,,,,,,,,,,,"LEFT_HAND","INTERNAL",1.5,"METRIC","ISO",60.0,1.3,1.0,0.0,
,MfgThreadInsert,"L166.0L-22MM01-350","L166.0L-22MM01-350",,,,,,,,,,,,,,"OTHER",,0.0,9.525,16.0,3.9699999999999998,0.0,,60.0,,,,,,,,,,,,,,,,,,,,,,,,,,,,,,,,,,,,,,,,,,,,,,,,,,,,"LEFT_HAND","INTERNAL",3.5,"METRIC","ISO",60.0,1.3,1.0,0.0,
,MfgThreadInsert,"L166.0L-16TR01F150","L166.0L-16TR01F150",,,,,,,,,,,,,,"OTHER",,0.0,9.525,16.0,3.9699999999999998,0.0,,60.0,,,,,,,,,,,,,,,,,,,,,,,,,,,,,,,,,,,,,,,,,,,,,,,,,,,,"LEFT_HAND","INTERNAL",1.5,"METRIC","TRAPEZ",30.0,1.4,1.0,0.0,
,MfgThreadInsert,"L166.0L-22TR01F400","L166.0L-22TR01F400",,,,,,,,,,,,,,"OTHER",,0.0,12.7,22.0,5.56,0.0,,60.0,,,,,,,,,,,,,,,,,,,,,,,,,,,,,,,,,,,,,,,,,,,,,,,,,,,,"LEFT_HAND","INTERNAL",4.0,"METRIC","TRAPEZ",30.0,1.45,1.9,0.0,
,MfgThreadInsert,"L166.0L-16NT01-140","L166.0L-16NT01-140",,,,,,,,,,,,,,"OTHER",,0.0,9.525,16.0,3.9699999999999998,0.0,,60.0,,,,,,,,,,,,,,,,,,,,,,,,,,,,,,,,,,,,,,,,,,,,,,,,,,,,"LEFT_HAND","INTERNAL",46.082966000000006,"METRIC","NPT",60.0,1.01,1.2,0.0,
,MfgThreadInsert,"L166.0L-16WH01-280","L166.0L-16WH01-280",,,,,,,,,,,,,,"OTHER",,0.0,9.525,16.0,3.9699999999999998,0.0,,60.0,,,,,,,,,,,,,,,,,,,,,,,,,,,,,,,,,,,,,,,,,,,,,,,,,,,,"LEFT_HAND","INTERNAL",23.041356,"METRIC","NPT",55.0,1.3,0.8,0.0,
,MfgThreadInsert,"L166.0L-22WH01-070","L166.0L-22WH01-070",,,,,,,,,,,,,,"OTHER",,0.0,12.7,22.0,5.56,0.0,,60.0,,,,,,,,,,,,,,,,,,,,,,,,,,,,,,,,,,,,,,,,,,,,,,,,,,,,"LEFT_HAND","INTERNAL",92.165678,"METRIC","NPT",55.0,1.64,2.5,0.0,
,MfgThreadInsert,"R166.0L-11MM01-050","R166.0L-11MM01-050",,,,,,,,,,,,,,"OTHER",,0.0,6.35,11.0,3.17,0.0,,60.0,,,,,,,,,,,,,,,,,,,,,,,,,,,,,,,,,,,,,,,,,,,,,,,,,,,,"RIGHT_HAND","INTERNAL",0.5,"METRIC","ISO",60.0,0.7200000000000001,0.5,0.0,
,MfgThreadInsert,"R166.0L-16MM01-150","R166.0L-16MM01-150",,,,,,,,,,,,,,"OTHER",,0.0,9.525,16.0,3.9699999999999998,0.0,,60.0,,,,,,,,,,,,,,,,,,,,,,,,,,,,,,,,,,,,,,,,,,,,,,,,,,,,"RIGHT_HAND","INTERNAL",1.5,"METRIC","ISO",60.0,1.3,1.0,0.0,
,MfgThreadInsert,"R166.0L-22MM01-350","R166.0L-22MM01-350",,,,,,,,,,,,,,"OTHER",,0.0,9.525,16.0,3.9699999999999998,0.0,,60.0,,,,,,,,,,,,,,,,,,,,,,,,,,,,,,,,,,,,,,,,,,,,,,,,,,,,"RIGHT_HAND","INTERNAL",3.5,"METRIC","ISO",60.0,1.3,1.0,0.0,
,MfgThreadInsert,"R166.0L-16TR01F150","R166.0L-16TR01F150",,,,,,,,,,,,,,"OTHER",,0.0,9.525,16.0,3.9699999999999998,0.0,,60.0,,,,,,,,,,,,,,,,,,,,,,,,,,,,,,,,,,,,,,,,,,,,,,,,,,,,"RIGHT_HAND","INTERNAL",1.5,"METRIC","TRAPEZ",30.0,1.4,1.0,0.0,
,MfgThreadInsert,"R166.0L-22TR01F400","R166.0L-22TR01F400",,,,,,,,,,,,,,"OTHER",,0.0,12.7,22.0,5.56,0.0,,60.0,,,,,,,,,,,,,,,,,,,,,,,,,,,,,,,,,,,,,,,,,,,,,,,,,,,,"RIGHT_HAND","INTERNAL",4.0,"METRIC","TRAPEZ",30.0,1.45,1.9,0.0,
,MfgThreadInsert,"R166.0L-16NT01-140","R166.0L-16NT01-140",,,,,,,,,,,,,,"OTHER",,0.0,9.525,16.0,3.9699999999999998,0.0,,60.0,,,,,,,,,,,,,,,,,,,,,,,,,,,,,,,,,,,,,,,,,,,,,,,,,,,,"RIGHT_HAND","INTERNAL",46.082966000000006,"METRIC","NPT",60.0,1.01,1.2,0.0,
,MfgThreadInsert,"R166.0L-16WH01-280","R166.0L-16WH01-280",,,,,,,,,,,,,,"OTHER",,0.0,9.525,16.0,3.9699999999999998,0.0,,60.0,,,,,,,,,,,,,,,,,,,,,,,,,,,,,,,,,,,,,,,,,,,,,,,,,,,,"RIGHT_HAND","INTERNAL",23.041356,"METRIC","NPT",55.0,1.3,0.8,0.0,
,MfgThreadInsert,"R166.0L-22WH01-070","R166.0L-22WH01-070",,,,,,,,,,,,,,"OTHER",,0.0,12.7,22.0,5.56,0.0,,60.0,,,,,,,,,,,,,,,,,,,,,,,,,,,,,,,,,,,,,,,,,,,,,,,,,,,,"RIGHT_HAND","INTERNAL",92.165678,"METRIC","NPT",55.0,1.64,2.5,0.0,
,MfgThreadInternalTool,"L166.0KF-16-1220-11B","L166.0KF-16-1220-11B",,,,,,,,,,,,,,,,,,11.0,,,,,,"INSERT_HOLDER",,,,,,,,,,,,,,,,,10.0,0.0,125.0,,,,0.0,0.0,0.0,,,,,,,,,,,,,,,,12.0,10.0,125.0,20.9,16.0,,,,,"LEFT_HAND",,,,,,,,,
,MfgThreadInternalTool,"L166.4KF-16-16","L166.4KF-16-16",,,,,,,,,,,,,,,,,,16.0,,,,,,"INSERT_HOLDER",,,,,,,,,,,,,,,,,12.0,0.0,125.0,,,,0.0,0.0,0.0,,,,,,,,,,,,,,,,20.0,12.0,125.0,27.0,16.0,,,,,"LEFT_HAND",,,,,,,,,
,MfgThreadInternalTool,"L166.4KF-32-16","L166.4KF-32-16",,,,,,,,,,,,,,,,,,16.0,,,,,,"INSERT_HOLDER",,,,,,,,,,,,,,,,,22.0,0.0,250.0,,,,0.0,0.0,0.0,,,,,,,,,,,,,,,,40.0,22.0,250.0,30.900000000000002,32.0,,,,,"LEFT_HAND",,,,,,,,,
,MfgThreadInternalTool,"L154.4KF-16-16","L154.4KF-16-16",,,,,,,,,,,,,,,,,,16.0,,,,,,"INSERT_HOLDER",,,,,,,,,,,,,,,,,12.0,0.0,125.0,,,,0.0,0.0,0.0,,,,,,,,,,,,,,,,20.0,12.0,125.0,27.0,16.0,,,,,"LEFT_HAND",,,,,,,,,
,MfgThreadInternalTool,"L166.4KF-20-22","L66.4KF-20-22",,,,,,,,,,,,,,,,,,22.0,,,,,,"INSERT_HOLDER",,,,,,,,,,,,,,,,,15.0,0.0,140.0,,,,0.0,0.0,0.0,,,,,,,,,,,,,,,,25.0,15.0,140.0,34.2,20.0,,,,,"LEFT_HAND",,,,,,,,,
,MfgThreadInternalTool,"R166.0KF-10E-11","R166.0KF-10E-11",,,,,,,,,,,,,,,,,,11.0,,,,,,"INSERT_HOLDER",,,,,,,,,,,,,,,,,-7.2,0.0,150.0,,,,0.0,0.0,0.0,,,,,,,,,,,,,,,,12.0,7.2,150.0,21.0,10.0,,,,,"RIGHT_HAND",,,,,,,,,
,MfgThreadInternalTool,"R166.0KF-16-1220-11B","R166.0KF-16-1220-11B",,,,,,,,,,,,,,,,,,11.0,,,,,,"INSERT_HOLDER",,,,,,,,,,,,,,,,,-10.0,0.0,125.0,,,,0.0,0.0,0.0,,,,,,,,,,,,,,,,12.0,10.0,125.0,20.9,16.0,,,,,"RIGHT_HAND",,,,,,,,,
,MfgThreadInternalTool,"R166.4KF-16-16","R166.4KF-16-16",,,,,,,,,,,,,,,,,,16.0,,,,,,"INSERT_HOLDER",,,,,,,,,,,,,,,,,-12.0,0.0,125.0,,,,0.0,0.0,0.0,,,,,,,,,,,,,,,,20.0,12.0,125.0,27.0,16.0,,,,,"RIGHT_HAND",,,,,,,,,
,MfgThreadInternalTool,"R166.4KF-32-16","R166.4KF-32-16",,,,,,,,,,,,,,,,,,16.0,,,,,,"INSERT_HOLDER",,,,,,,,,,,,,,,,,-22.0,0.0,250.0,,,,0.0,0.0,0.0,,,,,,,,,,,,,,,,40.0,22.0,250.0,30.900000000000002,32.0,,,,,"RIGHT_HAND",,,,,,,,,
,MfgThreadInternalTool,"R154.4KF-16-16","R154.4KF-16-16",,,,,,,,,,,,,,,,,,16.0,,,,,,"INSERT_HOLDER",,,,,,,,,,,,,,,,,-12.0,0.0,125.0,,,,0.0,0.0,0.0,,,,,,,,,,,,,,,,20.0,12.0,125.0,27.0,16.0,,,,,"RIGHT_HAND",,,,,,,,,
,MfgThreadInternalTool,"R166.4KF-20-22","R66.4KF-20-22",,,,,,,,,,,,,,,,,,22.0,,,,,,"INSERT_HOLDER",,,,,,,,,,,,,,,,,-15.0,0.0,140.0,,,,0.0,0.0,0.0,,,,,,,,,,,,,,,,25.0,15.0,140.0,34.2,20.0,,,,,"RIGHT_HAND",,,,,,,,,
,MfgTriangularInsert,"TNMA160404","TNMA160404",,"T","N","M","A","16","04","04",,"R",,"NEGATIVE","EITHER","COATED_CARBIDE",,0.0,9.525,16.5,4.760000000000001,0.4,0.0,60.0,,,,,,,,,,,,,,,,,,,,,,,,,,,,,,,,,,,,,,,,,,,,,,,,,,,,,,,,,,,,,
,MfgTriangularInsert,"TNMA160408","TNMA160408",,"T","N","M","A","16","04","08",,"R",,"NEGATIVE","EITHER","COATED_CARBIDE",,0.0,9.525,16.5,4.760000000000001,0.8,0.0,60.0,,,,,,,,,,,,,,,,,,,,,,,,,,,,,,,,,,,,,,,,,,,,,,,,,,,,,,,,,,,,,
,MfgTriangularInsert,"TNMA160412","TNMA160412",,"T","N","M","A","16","04","12",,"R",,"NEGATIVE","EITHER","COATED_CARBIDE",,0.0,9.525,16.5,4.760000000000001,1.2,0.0,60.0,,,,,,,,,,,,,,,,,,,,,,,,,,,,,,,,,,,,,,,,,,,,,,,,,,,,,,,,,,,,,
,MfgTriangularInsert,"TNMA160416","TNMA160416",,"T","N","M","A","16","04","16",,"R",,"NEGATIVE","EITHER","COATED_CARBIDE",,0.0,9.525,16.5,4.760000000000001,1.6,0.0,60.0,,,,,,,,,,,,,,,,,,,,,,,,,,,,,,,,,,,,,,,,,,,,,,,,,,,,,,,,,,,,,
,MfgTriangularInsert,"TNMG160404","TNMG160404",,"T","N","M","G","16","04","04",,"R",,"NEGATIVE","EITHER","COATED_CARBIDE",,0.0,9.525,16.5,4.760000000000001,0.4,0.0,60.0,,,,,,,,,,,,,,,,,,,,,,,,,,,,,,,,,,,,,,,,,,,,,,,,,,,,,,,,,,,,,
,MfgTriangularInsert,"TNMG160408","TNMG160408",,"T","N","M","G","16","04","08",,"R",,"NEGATIVE","EITHER","COATED_CARBIDE",,0.0,9.525,16.5,4.760000000000001,0.8,0.0,60.0,,,,,,,,,,,,,,,,,,,,,,,,,,,,,,,,,,,,,,,,,,,,,,,,,,,,,,,,,,,,,
,MfgTriangularInsert,"TNMG220404","TNMG220404",,"T","N","M","G","22","04","04",,"R",,"NEGATIVE","EITHER","COATED_CARBIDE",,0.0,12.7,22.0,4.760000000000001,0.4,0.0,60.0,,,,,,,,,,,,,,,,,,,,,,,,,,,,,,,,,,,,,,,,,,,,,,,,,,,,,,,,,,,,,
,MfgTriangularInsert,"TNMG220408","TNMG220408",,"T","N","M","G","22","04","08",,"R",,"NEGATIVE","EITHER","COATED_CARBIDE",,0.0,12.7,22.0,4.760000000000001,0.8,0.0,60.0,,,,,,,,,,,,,,,,,,,,,,,,,,,,,,,,,,,,,,,,,,,,,,,,,,,,,,,,,,,,,
,MfgTriangularInsert,"TNMG220412","TNMG220412",,"T","N","M","G","22","04","12",,"R",,"NEGATIVE","EITHER","COATED_CARBIDE",,0.0,12.7,22.0,4.760000000000001,1.2,0.0,60.0,,,,,,,,,,,,,,,,,,,,,,,,,,,,,,,,,,,,,,,,,,,,,,,,,,,,,,,,,,,,,
,MfgTriangularInsert,"TCGW110204","TCGW11024",,"T","C","G","W","11","02","04",,"R",,"POSITIVE","EITHER","COATED_CARBIDE",,0.0,6.35,11.0,2.3800000000000003,0.4,7.0,60.0,,,,,,,,,,,,,,,,,,,,,,,,,,,,,,,,,,,,,,,,,,,,,,,,,,,,,,,,,,,,,
,MfgTriangularInsert,"TCMT110304","TCMT110304",,"T","C","M","T","11","03","04",,"R",,"POSITIVE","EITHER","COATED_CARBIDE",,0.0,6.35,11.0,3.18,0.4,7.0,60.0,,,,,,,,,,,,,,,,,,,,,,,,,,,,,,,,,,,,,,,,,,,,,,,,,,,,,,,,,,,,,
,MfgTriangularInsert,"TCMT110308","TCMT110308",,"T","C","M","T","11","03","08",,"R",,"POSITIVE","EITHER","COATED_CARBIDE",,0.0,6.35,11.0,3.18,0.8,7.0,60.0,,,,,,,,,,,,,,,,,,,,,,,,,,,,,,,,,,,,,,,,,,,,,,,,,,,,,,,,,,,,,
,MfgTriangularInsert,"TCMT16T304","TCMT16T304",,"T","C","M","T","16","T3","04",,"R",,"POSITIVE","EITHER","COATED_CARBIDE",,0.0,9.525,16.5,3.9699999999999998,0.4,7.0,60.0,,,,,,,,,,,,,,,,,,,,,,,,,,,,,,,,,,,,,,,,,,,,,,,,,,,,,,,,,,,,,
,MfgTriangularInsert,"TCMT16T308","TCMT16T308",,"T","C","M","T","16","T3","08",,"R",,"POSITIVE","EITHER","COATED_CARBIDE",,0.0,9.525,16.5,3.9699999999999998,0.8,7.0,60.0,,,,,,,,,,,,,,,,,,,,,,,,,,,,,,,,,,,,,,,,,,,,,,,,,,,,,,,,,,,,,
,MfgTriangularInsert,"TCMT220408","TCMT220408",,"T","C","M","T","22","04","08",,"R",,"POSITIVE","EITHER","COATED_CARBIDE",,0.0,12.7,22.0,4.760000000000001,0.8,7.0,60.0,,,,,,,,,,,,,,,,,,,,,,,,,,,,,,,,,,,,,,,,,,,,,,,,,,,,,,,,,,,,,
,MfgTriangularInsert,"TPMR110304","TPMR110304",,"T","P","M","R","11","03","04",,"R",,"POSITIVE","EITHER","COATED_CARBIDE",,0.0,6.35,11.0,3.18,0.4,11.0,60.0,,,,,,,,,,,,,,,,,,,,,,,,,,,,,,,,,,,,,,,,,,,,,,,,,,,,,,,,,,,,,
,MfgTriangularInsert,"TPMR110308","TPMR110308",,"T","P","M","R","11","03","08",,"R",,"POSITIVE","EITHER","COATED_CARBIDE",,0.0,6.35,11.0,3.18,0.8,11.0,60.0,,,,,,,,,,,,,,,,,,,,,,,,,,,,,,,,,,,,,,,,,,,,,,,,,,,,,,,,,,,,,
,MfgTriangularInsert,"TPMR160304","TPMR160304",,"T","P","M","R","16","03","04",,"R",,"POSITIVE","EITHER","COATED_CARBIDE",,0.0,9.525,16.5,3.18,0.4,11.0,60.0,,,,,,,,,,,,,,,,,,,,,,,,,,,,,,,,,,,,,,,,,,,,,,,,,,,,,,,,,,,,,
,MfgTriangularInsert,"TPMR160308","TPMR160308",,"T","P","M","R","16","03","08",,"R",,"POSITIVE","EITHER","COATED_CARBIDE",,0.0,9.525,16.5,3.18,0.8,11.0,60.0,,,,,,,,,,,,,,,,,,,,,,,,,,,,,,,,,,,,,,,,,,,,,,,,,,,,,,,,,,,,,
,MfgTrigonInsert,"WNMA080404","WNMA080404",,"W","N","M","A","08","04","04",,"R",,"NEGATIVE","EITHER","COATED_CARBIDE",,0.0,12.7,8.72,4.760000000000001,0.4,0.0,80.0,,,,,,,,,,,,,,,,,,,,,,,,,,,,,,,,,,,,,,,,,,,,,,,,,,,,,,,,,,,,,
,MfgTrigonInsert,"WNMA080408","WNMA080408",,"W","N","M","A","08","04","08",,"R",,"NEGATIVE","EITHER","COATED_CARBIDE",,0.0,12.7,8.72,4.760000000000001,0.8,0.0,80.0,,,,,,,,,,,,,,,,,,,,,,,,,,,,,,,,,,,,,,,,,,,,,,,,,,,,,,,,,,,,,
,MfgTrigonInsert,"WNMA080412","WNMA080412",,"W","N","M","A","08","04","12",,"R",,"NEGATIVE","EITHER","COATED_CARBIDE",,0.0,12.7,8.72,4.760000000000001,1.2,0.0,80.0,,,,,,,,,,,,,,,,,,,,,,,,,,,,,,,,,,,,,,,,,,,,,,,,,,,,,,,,,,,,,
,MfgTrigonInsert,"WCMT030202","WCMT030202",,"W","C","M","T","03","02","02",,"R",,"POSITIVE","EITHER","COATED_CARBIDE",,0.0,5.56,3.8,2.3800000000000003,0.2,7.0,80.0,,,,,,,,,,,,,,,,,,,,,,,,,,,,,,,,,,,,,,,,,,,,,,,,,,,,,,,,,,,,,
,MfgTrigonInsert,"WCMT040202","WCMT040202",,"W","C","M","T","04","02","02",,"R",,"POSITIVE","EITHER","COATED_CARBIDE",,0.0,6.35,4.3,2.3800000000000003,0.2,7.0,80.0,,,,,,,,,,,,,,,,,,,,,,,,,,,,,,,,,,,,,,,,,,,,,,,,,,,,,,,,,,,,,
,MfgTrigonInsert,"WCMT040204","WCMT040204",,"W","C","M","T","04","02","04",,"R",,"POSITIVE","EITHER","COATED_CARBIDE",,0.0,6.35,4.3,2.3800000000000003,0.4,7.0,80.0,,,,,,,,,,,,,,,,,,,,,,,,,,,,,,,,,,,,,,,,,,,,,,,,,,,,,,,,,,,,,
,MfgTrigonInsert,"WCMT06T304","WCMT06T304",,"W","C","M","T","06","T3","04",,"R",,"POSITIVE","EITHER","COATED_CARBIDE",,0.0,9.525,6.5,3.9699999999999998,0.4,7.0,80.0,,,,,,,,,,,,,,,,,,,,,,,,,,,,,,,,,,,,,,,,,,,,,,,,,,,,,,,,,,,,,
,MfgTrigonInsert,"WCMT06T308","WCMT06T308",,"W","C","M","T","06","T3","08",,"R",,"POSITIVE","EITHER","COATED_CARBIDE",,0.0,9.525,6.5,3.9699999999999998,0.8,7.0,80.0,,,,,,,,,,,,,,,,,,,,,,,,,,,,,,,,,,,,,,,,,,,,,,,,,,,,,,,,,,,,,
,MfgTrigonInsert,"WCMT080404","WCMT080404",,"W","C","M","T","08","04","04",,"R",,"POSITIVE","EITHER","COATED_CARBIDE",,0.0,12.7,8.72,4.760000000000001,0.4,7.0,80.0,,,,,,,,,,,,,,,,,,,,,,,,,,,,,,,,,,,,,,,,,,,,,,,,,,,,,,,,,,,,,
,MfgTrigonInsert,"WCMT080408","WCMT080408",,"W","C","M","T","08","04","08",,"R",,"POSITIVE","EITHER","COATED_CARBIDE",,0.0,12.7,8.72,4.760000000000001,0.8,7.0,80.0,,,,,,,,,,,,,,,,,,,,,,,,,,,,,,,,,,,,,,,,,,,,,,,,,,,,,,,,,,,,,
,MfgTrigonInsert,"WCMT080412","WCMT080412",,"W","C","M","T","08","04","12",,"R",,"POSITIVE","EITHER","COATED_CARBIDE",,0.0,12.7,8.72,4.760000000000001,1.2,7.0,80.0,,,,,,,,,,,,,,,,,,,,,,,,,,,,,,,,,,,,,,,,,,,,,,,,,,,,,,,,,,,,,
