CHAPTER,NC_RESOURCES
Keywords,Name
Types,String
NC_TOOLS,NC_TOOLS
NC_INSERTS,NC_INSERTS
NC_TOOL_ASSEMBLIES,NC_TOOL_ASSEMBLIES
NC_CORRECTORS,NC_CORRECTORS
END,

CHAPTER,NC_TOOLS
Keywords,Name
Types,String
MfgDrillTool,MfgDrillTool
MfgCenterDrillTool,MfgCenterDrillTool
MfgBoringBarTool,MfgBoringBarTool
MfgMultiDiamDrillTool,MfgMultiDiamDrillTool
MfgBoringAndChamferingTool,MfgBoringAndChamferingTool
MfgCountersinkTool,MfgCountersinkTool
MfgReamerTool,MfgReamerTool
MfgTapTool,MfgTapTool
MfgSpotDrillTool,MfgSpotDrillTool
MfgTwoSidesChamferingTool,MfgTwoSidesChamferingTool
MfgThreadMillTool,MfgThreadMillTool
MfgCounterboreMillTool,MfgCounterboreMillTool
MfgConicalMillTool,MfgConicalMillTool
MfgEndMillTool,MfgEndMillTool
MfgFaceMillTool,MfgFaceMillTool
MfgTSlotterTool,MfgTSlotterTool
MfgExternalTool,MfgExternalTool
MfgInternalTool,MfgInternalTool
MfgGrooveExternalTool,MfgGrooveExternalTool
MfgGrooveInternalTool,MfgGrooveInternalTool
MfgGrooveFrontalTool,MfgGrooveFrontalTool
MfgThreadExternalTool,MfgThreadExternalTool
MfgThreadInternalTool,MfgThreadInternalTool
END,

CHAPTER,NC_INSERTS
Keywords,Name
Types,String
MfgRoundInsert,MfgRoundInsert
MfgSquareInsert,MfgSquareInsert
MfgDiamondInsert,MfgDiamondInsert
MfgTriangularInsert,MfgTriangularInsert
MfgTrigonInsert,MfgTrigonInsert
MfgThreadInsert,MfgThreadInsert
MfgGrooveInsert,MfgGrooveInsert
END,

CHAPTER,NC_TOOL_ASSEMBLIES,,,,,,,,,,,,,,,,,,
Keywords,Name,,,,,,,,,,,,,,,,,,
Types,String,,,,,,,,,,,,,,,,,,
MfgMillAndDrillToolAssembly,MfgMillAndDrillToolAssembly,,,,,,,,,,,,,,,,,,
MfgLatheToolAssembly,MfgLatheToolAssembly,,,,,,,,,,,,,,,,,,
END,,,,,,,,,,,,,,,,,,,

ENDCHAPTER,MfgMillAndDrillToolAssembly,,,,,,,,,,,,,,,,,,
Keywords,MFG_TOOL_NAME,MFG_TOOL_NUMBER,MFG_COMMENT,MFG_NAME,MFG_CONE_DIAMETER_1,MFG_CONE_DIAMETER_2,MFG_CONE_LENGTH,MFG_ORIENT_ANGLE,MFG_TL_SET_X,MFG_TL_SET_Y,MFG_TL_SET_Z,MFG_TL_SET_LGTH,MFG_DIAMETER_1,MFG_DIAMETER_2,MFG_DIAMETER_3,MFG_ASS_GAGE_1,MFG_ASS_GAGE_2,MFG_TOOL_ASS_POWER,MFG_NB_OF_COMP
Types,String,Integer,String,String,mm,mm,mm,deg,mm,mm,mm,mm,mm,mm,mm,mm,mm,String,Integer
End Mill Tool Assembly 01,End Mill D10 Rc0,1,My Tool Assembly,End Mill Tool Assembly 01,,,,,,,,120,10,15,20,70,30,MFG_FIXED,2
Face Mill Tool Assembly 01,Face Mill D50 Rc5,2,My Tool Assembly,Face Mill Tool Assembly 01,,,,,,,,120,50,20,30,70,30,MFG_FIXED,2
END,,,,,,,,,,,,,,,,,,,

ENDCHAPTER,MfgLatheToolAssembly,,,,,,,,,,,,,,,,,,
Keywords,MFG_NAME,MFG_TOOL_NAME,MFG_INSERT_NAME,MFG_COMMENT,MFG_TOOL_NUMBER,MFG_TL_SETUP_ANG,MFG_TL_SET_X,MFG_TL_SET_Y,MFG_TL_SET_Z,MFG_TOOL_INVERT,MFG_NB_OF_COMP,MFG_OUTP_PREF_1,MFG_OUTP_PREF_2,MFG_OUTP_PREF_3,,,,,,,,,,,,,,,,,,,
Types,String,String,String,String,Integer,deg,mm,mm,mm,Integer,Integer,String,String,String,,,,,,,,,,,,,,,,,,,
Lathe Internal Tool Assembly 01,Lathe Internal Tool Assembly 01,Internal Tool 01,Round Insert 01,,,,,,,,,,,,,,,,,,,,,,,,,,,,,,
END,,,,,,,,,,,,,,,,,,,,,,,,,,,,,,,,,

ENDCHAPTER,MfgEndMillTool,,,,,,,,,,,,,,,,,,,,,,,,,,,,,,,,
Keywords,MFG_NAME,MFG_COMMENT,MFG_TOOL_NUMBER,MFG_BALL_TYPE,MFG_NOMINAL_DIAM,MFG_CORNER_RAD,MFG_OVERALL_LGTH,MFG_CUT_LENGTH,MFG_LENGTH,MFG_BODY_DIAM,MFG_TOOL_CORE_DIAMETER,MFG_NB_OF_FLUTES,MFG_WAY_OF_ROT,MFG_MACH_QUALITY,MFG_COMPOSITION,MFG_TOOTH_MAT,MFG_TOOTH_DESC,MFG_TOOTH_MATDESC,MFG_TL_RAKE_ANG,MFG_RADIAL_TL_RAKE_ANG,MFG_MAX_MIL_LENGTH,MFG_MAX_MIL_TIME,MFG_COOLNT_SNTX,MFG_WEIGHT_SNTX,MFG_VC_FINISH,MFG_SZ_FINISH,MFG_AA_FINISH,MFG_AR_FINISH,MFG_VC_ROUGH,MFG_SZ_ROUGH,MFG_AA_ROUGH,MFG_AR_ROUGH,MFG_MAX_FEEDRATE
Types,String,String,Integer,Integer,mm,mm,mm,mm,mm,mm,mm,Integer,String,String,String,String,String,String,deg,deg,mm,s,String,String,mm_mn,mm_turn,mm,mm,mm_mn,mm_turn,mm,mm,mm_mn
End Mill,End Mill D4 Rc0 Short,End Mill Tool,1100,,4,0,100,40,60,8,,,,,,,,,,,,,,,,,,,,,,,
End Mill,End Mill D4 Rc2 Short,End Mill Tool,1101,,4,2,100,40,60,8,,,,,,,,,,,,,,,,,,,,,,,
End Mill,End Mill D6 Rc0 Short,End Mill Tool,1102,,6,0,100,40,60,8,,,,,,,,,,,,,,,,,,,,,,,
End Mill,End Mill D8 Rc4 Short,End Mill Tool,1103,,8,4,80,20,20,8,,,,,,,,,,,,,,,,,,,,,,,
End Mill,End Mill D10 Rc0 ,End Mill Tool,1104,,10,0,100,50,50,10,,,,,,,,,,,,,,,,,,,,,,,
End Mill,End Mill D10 Rc0 Long,End Mill Tool,1105,,10,0,100,45,45,10,,,,,,,,,,,,,,,,,,,,,,,
End Mill,End Mill D10 Rc1 Short,End Mill Tool,1106,,10,1,50,30,35,10,,,,,,,,,,,,,,,,,,,,,,,
End Mill,End Mill D10 Rc1 Long,End Mill Tool,1107,,10,1,100,50,60,10,,,,,,,,,,,,,,,,,,,,,,,
End Mill,End Mill D10 Rc2 Short,End Mill Tool,1108,,10,2,80,22,22,10,,,
End Mill,End Mill D10 Rc2 Long,End Mill Tool,1109,,10,2,100,45,45,10,,,
End Mill,End Mill D10 Rc5 Short,End Mill Tool,1110,,10,5,80,22,22,10,,,
End Mill,End Mill D12 Rc0 Medium,End Mill Tool,1111,,12,0,100,50,60,12,,,
End Mill,End Mill Rc2.5 Medium,End Mill Tool,1112,,12,2.5,100,50,60,12,,,
End Mill,End Mill D15 Rc0 ,End Mill Tool,1113,,15,0,100,50,50,15,,,
End Mill,End Mill D16 Rc4 Short,End Mill Tool,1114,,16,4,100,36,36,16,,,
End Mill,End Mill D16 Rc4 Long,End Mill Tool,1115,,16,4,140,70,70,16,,,
End Mill,End Mill D16 Rc8 Short,End Mill Tool,1116,,16,8,100,36,36,16,,,
End Mill,End Mill D16 Rc8 Long,End Mill Tool,1117,,16,8,140,70,70,16,,,
End Mill,End Mill D19 Rc0 Medium,End Mill Tool,1118,,19,0,100,50,60,20,,,
End Mill,End Mill D17 Rc0 Medium,End Mill Tool,1119,,17,0,80,20,20,17,,,
End Mill,End Mill D20 Rc0 ,End Mill Tool,1120,,20,0,150,90,90,20,,,
End Mill,End Mill D 20 Rc2,End Mill Tool,1121,,20,2,100,50,60,15,4,4,LEFT_HAND
End Mill,End Mill D25 Rc0 Short,End Mill Tool,1122,,25,0,100,45,45,25,,,RIGHT_HAND
End Mill,End Mill D25 Rc0 Long,End Mill Tool,1123,,25,0,150,90,90,25,,,
End Mill,End Mill D25 Rc4 Short,End Mill Tool,1124,,25,4,100,45,45,25,,,,,,,,,,,,,,,,,,,,,,,,
End Mill,End Mill D25 Rc4 Long,End Mill Tool,1125,,25,4,150,90,90,25,,,,,,,,,,,,,,,,,,,,,,,,
End Mill,End Mill D30 Rc2 ,End Mill Tool,1126,,30,2,160,106,106,30,,,,,,,,,,,,,,,,,,,,,,,,
End Mill,End Mill D32 Rc0 Short,End Mill Tool,1127,,32,0,110,53,53,32,,,,,,,,,,,,,,,,,,,,,,,,
End Mill,End Mill D32 Rc0 Long,End Mill Tool,1128,,32,0,160,106,106,32,,,,,,,,,,,,,,,,,,,,,,,,
End Mill,End Mill D32 Rc4 Short,End Mill Tool,1129,,32,4,110,53,53,32,,,,,,,,,,,,,,,,,,,,,,,,
End Mill,End Mill D32 Rc4 Long,End Mill Tool,1130,,32,4,160,106,106,32,,,,,,,,,,,,,,,,,,,,,,,,
End Mill,End Mill D40 Rc0 Short,End Mill Tool,1131,,40,0,120,63,63,40,,,,,,,,,,,,,,,,,,,,,,,,
End Mill,End Mill D40 Rc0 Long,End Mill Tool,1132,,40,0,180,125,125,40,,,,,,,,,,,,,,,,,,,,,,,,
End Mill,End Mill D40 Rc4 Short,End Mill Tool,1133,,40,4,120,63,63,40,,,,,,,,,,,,,,,,,,,,,,,,
End Mill,End Mill D40 Rc4 Long,End Mill Tool,1134,,40,4,180,125,125,40,,,,,,,,,,,,,,,,,,,,,,,,
END,,,,,,,,,,,,,,,,,,,,,,,,,,,,,,,,,,

ENDCHAPTER,MfgFaceMillTool,,,,,,,,,,,,,,,,,,,,,,,,,,,,,,,,,
Keywords,MFG_NAME,MFG_COMMENT,MFG_TOOL_NUMBER,MFG_NOMINAL_DIAM,MFG_CORNER_RAD,MFG_OVERALL_LGTH,MFG_CUT_LENGTH,MFG_LENGTH,MFG_BODY_DIAM,MFG_OUTSIDE_DIAM,MFG_TOOL_CORE_DIAMETER,MFG_CUT_ANGLE,MFG_NB_OF_FLUTES,MFG_WAY_OF_ROT,MFG_MACH_QUALITY,MFG_COMPOSITION,MFG_TOOTH_MAT,MFG_TOOTH_DESC,MFG_TOOTH_MATDESC,MFG_TL_RAKE_ANG,MFG_RADIAL_TL_RAKE_ANG,MFG_MAX_PLNG_ANG,MFG_MAX_MIL_LENGTH,MFG_MAX_MIL_TIME,MFG_COOLNT_SNTX,MFG_VC_FINISH,MFG_SZ_FINISH,MFG_AA_FINISH,MFG_AR_FINISH,MFG_VC_ROUGH,MFG_SZ_ROUGH,MFG_AA_ROUGH,MFG_AR_ROUGH,MFG_MAX_FEEDRATE
Types,String,String,Integer,mm,mm,mm,mm,mm,mm,mm,mm,deg,Integer,String,String,String,String,String,String,deg,deg,deg,mm,s,String,mm_mn,mm_turn,mm,mm,mm_mn,mm_turn,mm,mm,mm_mn
Face Mill,Face Mill D30,Face Mill Tool,1,30,5,80,40,40,25,,0,90,,,,,,,,,,,,,,,
Face Mill,Face Mill D50 Rc5,Face Mill Tool,2,50,5,30,10,15,25,,,90,,,,,,,,,,,,,,,
Face Mill,Face Mill D100 Rc5,Face Mill Tool,4,100,5,30,10,15,25,,,90,,,,,,,,,,,,,,,
END,,,,,,,,,,,,,,,,,,,,,,,,,,,

ENDCHAPTER,MfgDrillTool,,,,,,,,,,,,,,,,,,,,,,,,,,
Keywords,MFG_NAME,MFG_COMMENT,MFG_TOOL_NUMBER,MFG_NOMINAL_DIAM,MFG_OVERALL_LGTH,MFG_CUT_LENGTH,MFG_LENGTH,MFG_BODY_DIAM,MFG_CUT_ANGLE,MFG_TL_TIP_LGTH,MFG_NB_OF_FLUTES,MFG_WAY_OF_ROT,MFG_MACH_QUALITY,MFG_COMPOSITION,MFG_TOOTH_MAT,MFG_TOOTH_DESC,MFG_TOOTH_MATDESC,MFG_TL_RAKE_ANG,MFG_RADIAL_TL_RAKE_ANG,MFG_MAX_MIL_LENGTH,MFG_MAX_MIL_TIME,MFG_COOLNT_SNTX,MFG_WEIGHT_SNTX,MFG_VC,MFG_SZ,MFG_PP,MFG_MAX_FEEDRATE
Types,String,String,Integer,mm,mm,mm,mm,mm,deg,mm,Integer,String,String,String,String,String,String,deg,deg,mm,s,String,String,mm_mn,mm_turn,mm,mm_mn
Drill,Drill D1.9,Drill Tool,2400,1.9,100,25,30,5,120,0.548,2,RIGHT_HAND,EITHER,HIGH_SPEED_STEEL,,,,,,,,,,,,,
Drill,Drill D2.513,Drill Tool,2401,4.5,90,47,47,10,120,1.3,2,RIGHT_HAND,EITHER,HIGH_SPEED_STEEL,,,,,,,,,,,,,
Drill,"Drill D3,3",Drill Tool,2402,3.3,50,10,20,10,120,,2,RIGHT_HAND,EITHER,HIGH_SPEED_STEEL,,,,,,,,,,,,,
Drill,"Drill D3,5",Drill Tool,2403,3.5,70,30,40,5,120,,2,RIGHT_HAND,EITHER,HIGH_SPEED_STEEL,,,,,,,,,,,,,
Drill,Drill D4,Drill Tool,2404,4,100,60,60,4,120,1.155,2,RIGHT_HAND,EITHER,HIGH_SPEED_STEEL,,,,,,,,,,,,,
Drill,"Drill D4,4",Drill Tool,2405,2.513,50,10,20,10,120,,2,RIGHT_HAND,EITHER,HIGH_SPEED_STEEL,,,,,,,,,,,,,
Drill,Drill D5,Drill Tool,2406,5,70,20,30,10,120,1.73,2,RIGHT_HAND,EITHER,HIGH_SPEED_STEEL,,,,,,,,,,,,,
Drill,Drill D5.2,Drill Tool,2407,5.2,100,35,45,10,120,1.501,2,RIGHT_HAND,EITHER,HIGH_SPEED_STEEL,,,,,,,,,,,,,
Drill,Drill D6,Drill Tool,2408,6,100,57,57,10,120,1.73,2,RIGHT_HAND,EITHER,HIGH_SPEED_STEEL
Drill,Drill D6 a90,Drill Tool,2409,6,100,57,57,10,90,1.73,2,RIGHT_HAND,EITHER,HIGH_SPEED_STEEL
Drill,"Drill D6,5",Drill Tool,2410,6.5,100,63,63,10,120,1.88,2,RIGHT_HAND,EITHER,HIGH_SPEED_STEEL
Drill,Drill D8,Drill Tool,2411,8,120,75,75,10,120,2.31,2,RIGHT_HAND,EITHER,HIGH_SPEED_STEEL
Drill,"Drill D8,5 a90",Drill Tool,2412,8.5,90,75,75,10,90,2.45,2,RIGHT_HAND,EITHER,HIGH_SPEED_STEEL
Drill,"Drill D8,5",Drill Tool,2413,8.5,120,75,75,10,120,2.45,2,RIGHT_HAND,EITHER,HIGH_SPEED_STEEL
Drill,Drill D9,Drill Tool,2414,9,120,75,75,10,90,2.45,2,RIGHT_HAND,EITHER,HIGH_SPEED_STEEL
Drill,Drill D9,Drill Tool,2415,9,120,75,75,10,120,2.45,2,RIGHT_HAND,EITHER,HIGH_SPEED_STEEL
Drill,Drill D10 a90,Drill Tool,2416,10,140,87,87,10,90,5,2,RIGHT_HAND,EITHER,HIGH_SPEED_STEEL
Drill,Drill D10,Drill Tool,2417,10,140,87,87,10,120,2.89,2,RIGHT_HAND,EITHER,HIGH_SPEED_STEEL
Drill,"Drill D10,5",Drill Tool,2418,10.5,140,87,87,10.5,120,3.03,2,RIGHT_HAND,EITHER,HIGH_SPEED_STEEL
Drill,Drill D10.647,Drill Tool,2419,10.647,100,50,60,15,120,3.074,2,RIGHT_HAND,EITHER,HIGH_SPEED_STEEL
Drill,Drill D11,Drill Tool,2420,11,140,87,87,11,120,3.18,2,RIGHT_HAND,EITHER,HIGH_SPEED_STEEL
Drill,Drill D12,Drill Tool,2421,12,160,100,100,12,120,3.46,2,RIGHT_HAND,EITHER,HIGH_SPEED_STEEL
Drill,Drill D12.5,Drill Tool,2422,12.5,160,100,100,12.5,120,3.46,2,RIGHT_HAND,EITHER,HIGH_SPEED_STEEL
Drill,Drill D14,Drill Tool,2423,14,180,110,110,14,120,4.04,2,RIGHT_HAND,EITHER,HIGH_SPEED_STEEL
Drill,Drill D15,Drill Tool,2424,15,180,110,110,15,120,4.04,2,RIGHT_HAND,EITHER,HIGH_SPEED_STEEL,,,,,,,,,
Drill,Drill D20,Drill Tool,2425,20,200,120,120,20,120,5.77,2,RIGHT_HAND,EITHER,HIGH_SPEED_STEEL,,,,,,,,,
Drill,Drill D25,Drill Tool,2426,25,200,120,120,25,120,7.22,2,RIGHT_HAND,EITHER,HIGH_SPEED_STEEL,,,,,,,,,
Drill,Drill D15,Drill Tool,2427,15,200,120,120,15,120,4.33,2,RIGHT_HAND,EITHER,HIGH_SPEED_STEEL,,,,,,,,,
Drill,Drill D32,Drill Tool,2428,32,200,120,120,32,120,9.24,2,RIGHT_HAND,EITHER,HIGH_SPEED_STEEL,,,,,,,,,
Drill,Drill D16,Drill Tool,2429,16,200,120,120,16,120,4.62,2,RIGHT_HAND,EITHER,HIGH_SPEED_STEEL,,,,,,,,,
Drill,Drill D40,Drill Tool,2430,40,120,50,60,32,120,,2,RIGHT_HAND,,,,,,,,,,,
END,,,,,,,,,,,,,,,,,,,,,,,

ENDCHAPTER,MfgSpotDrillTool,,,,,,,,,,,,,,,,,,,,,,
Keywords,MFG_NAME,MFG_COMMENT,MFG_TOOL_NUMBER,MFG_NOMINAL_DIAM,MFG_OVERALL_LGTH,MFG_LENGTH,MFG_BODY_DIAM,MFG_CUT_ANGLE,MFG_NB_OF_FLUTES,MFG_WAY_OF_ROT,MFG_TOOTH_MAT,MFG_TOOTH_DESC,MFG_TOOTH_MATDESC,MFG_TL_RAKE_ANG,MFG_RADIAL_TL_RAKE_ANG,MFG_MAX_MIL_LENGTH,MFG_MAX_MIL_TIME,MFG_COOLNT_SNTX,MFG_WEIGHT_SNTX,MFG_VC,MFG_SZ,MFG_PP,MFG_MAX_FEEDRATE
Types,String,String,Integer,mm,mm,mm,mm,deg,Integer,String,String,String,String,deg,deg,mm,s,String,String,mm_mn,mm_turn,mm,mm_mn
Spot Drill,Spot Drill D6,Spot Drill Tool,2201,6,80,15,12,120,,,,,,,,,,,,,,,
Spot Drill,Spot Drill D8,Spot Drill Tool,2202,8,100,20,12,120,,,,,,,,,,,,,,,
Spot Drill,Spot Drill D10,Spot Drill Tool,2203,10,100,20,12,120,,,,,,,,,,,,,,,
Spot Drill,Spot Drill D15,Spot Drill Tool,2204,15,100,20,15,120,,,,,,,,,,,,,,,
END,,,,,,,,,,,,,,,,,,,,,,,,,,,,,,,,

ENDCHAPTER,MfgCenterDrillTool,,,,,,,,,,,,,,,,,,,,,,,,,,,,,,,
Keywords,MFG_NAME,MFG_COMMENT,MFG_TOOL_NUMBER,MFG_NOMINAL_DIAM,MFG_OVERALL_LGTH,MFG_CUT_LENGTH,MFG_LENGTH,MFG_BODY_DIAM,MFG_CUT_ANGLE,MFG_TAPER_ANGLE,MFG_NB_OF_FLUTES,MFG_WAY_OF_ROT,MFG_MACH_QUALITY,MFG_TOOTH_MAT,MFG_TOOTH_DESC,MFG_TL_RAKE_ANG,MFG_RADIAL_TL_RAKE_ANG,MFG_MAX_MIL_LENGTH,MFG_MAX_MIL_TIME,MFG_COOLNT_SNTX,MFG_WEIGHT_SNTX,MFG_VC,MFG_SZ,MFG_PP,MFG_MAX_FEEDRATE,,,,,,,
Types,String,String,Integer,mm,mm,mm,mm,mm,deg,deg,Integer,String,String,String,String,deg,deg,mm,s,String,String,mm_mn,mm_turn,mm,mm_mn,,,,,,,
Center Drill,Center Drill Tool D2.5,Center Drill Tool,2301,2.5,50,5,11,10,118,60,,,,,,,,,,,,,,,,,,,,,,
END,,,,,,,,,,,,,,,,,,,,,,,,,,,,,,,,

ENDCHAPTER,MfgBoringBarTool,,,,,,,,,,,,,,,,,,,,,,,,,,,,,,,
Keywords,MFG_NAME,MFG_COMMENT,MFG_TOOL_NUMBER,MFG_NOMINAL_DIAM,MFG_OVERALL_LGTH,MFG_CUT_LENGTH,MFG_LENGTH,MFG_BODY_DIAM,MFG_TL_TIP_LGTH,MFG_CUT_ANGLE,MFG_TIP_ANGLE,MFG_TIP_RADIUS,MFG_TIP_LENGTH,MFG_NON_CUT_DIAM,MFG_MIN_DIAMETER,MFG_MAX_DIAMETER,MFG_TOOL_ANGLE,MFG_BORE_ABILITY,MFG_WAY_OF_ROT,MFG_MACH_QUALITY,MFG_TOOTH_MAT,MFG_TOOTH_DESC,MFG_TL_RAKE_ANG,MFG_RADIAL_TL_RAKE_ANG,MFG_MAX_MIL_LENGTH,MFG_MAX_MIL_TIME,MFG_COOLNT_SNTX,MFG_WEIGHT_SNTX,MFG_VC,MFG_SZ,MFG_PP,MFG_MAX_FEEDRATE
Types,String,String,Integer,mm,mm,mm,mm,mm,mm,deg,deg,mm,mm,mm,mm,mm,deg,String,String,String,String,String,deg,deg,mm,s,String,String,mm_mn,mm_turn,mm,mm_mn
Boring Bar,Boring Bar D12,Boring Bar Tool,1500,12,60,15,15,4,0,90,85,0,2.5,4,5,30,60,,,,,,,,,,,,,,,
Boring Bar,Boring Bar Tool D15,Boring Bar Tool,1501,15,60,15,15,7,2.5,45,90,0,2.5,7,2.5,30,60,,,,,,,,,,,,,,,
Boring Bar,Boring Bar Tool D25,Boring Bar Tool,1503,25,60,15,25,10,5,90,85,0,0.5,10,5,30,60,,,,,,,,,,,,,,,
END,,,,,,,,,,,,,,,,,,,,,,,,,,,,,,,,

ENDCHAPTER,MfgMultiDiamDrillTool,,,,,,,,,,,,,,,,,,,,,,,,,,,,,,,
Keywords,MFG_NAME,MFG_COMMENT,MFG_TOOL_NUMBER,MFG_NB_OF_STAGES,MFG_NOMINAL_DIAM,MFG_OVERALL_LGTH,MFG_CUT_LENGTH,MFG_LENGTH,MFG_BODY_DIAM,MFG_CUT_ANGLE,MFG_TL_TIP_LGTH,MFG_TAPER_ANGLE,MFG_CHAMFR_DIAM1,MFG_LENGTH_1,MFG_CHAMFR_DIAM2,MFG_LENGTH_2,MFG_ANGLE2,MFG_NB_OF_FLUTES,MFG_WAY_OF_ROT,MFG_MACH_QUALITY,MFG_TOOTH_MAT,MFG_TOOTH_DESC,MFG_TL_RAKE_ANG,MFG_RADIAL_TL_RAKE_ANG,MFG_MAX_MIL_LENGTH,MFG_MAX_MIL_TIME,MFG_COOLNT_SNTX,MFG_WEIGHT_SNTX,MFG_VC,MFG_SZ,MFG_PP,MFG_MAX_FEEDRATE
Types,String,String,Integer,Integer,mm,mm,mm,mm,mm,deg,mm,deg,mm,mm,mm,mm,deg,Integer,String,String,String,String,deg,deg,mm,s,String,String,mm_mn,mm_turn,mm,mm_mn
Multi Diameter Drill,Multi Diameter Drill Tool D10,Multi Diameter Drill Tool,10,2,10,100,50,60,20,120,2.9,120,15,15,0,0,0,2,,,,,,,,,,,,,,
END,,,,,,,,,,,,,,,,,,,,,,,,,,,,,,,,

ENDCHAPTER,MfgBoringAndChamferingTool,,,,,,,,,,,,,,,,,,,,,,,,,,,,,,,
Keywords,MFG_NAME,MFG_COMMENT,MFG_TOOL_NUMBER,MFG_NOMINAL_DIAM,MFG_CORNER_RAD,MFG_OVERALL_LGTH,MFG_CUT_LENGTH,MFG_LENGTH,MFG_BODY_DIAM,MFG_TAPER_ANGLE,MFG_CHAMFR_DIAM1,MFG_LENGTH_1,MFG_NB_OF_FLUTES,MFG_WAY_OF_ROT,MFG_MACH_QUALITY,MFG_TOOTH_MAT,MFG_TOOTH_DESC,MFG_TL_RAKE_ANG,MFG_RADIAL_TL_RAKE_ANG,MFG_MAX_MIL_LENGTH,MFG_MAX_MIL_TIME,MFG_COOLNT_SNTX,MFG_WEIGHT_SNTX,MFG_VC,MFG_SZ,MFG_PP,MFG_MAX_FEEDRATE,,,,,
Types,String,String,Integer,mm,mm,mm,mm,mm,mm,deg,mm,mm,Integer,String,String,String,String,deg,deg,mm,s,String,String,mm_mn,mm_turn,mm,mm_mn,,,,,
Boring And Chamfering,Boring And Chamfering Tool D10,Boring and chamfering Tool,11,10,2,100,30.774,60,20,120,30,25,,,,,,,,,,,,,,,,,,,,

END,,,,,,,,,,,,,,,,,,,,,,,,,,,,,,,,

ENDCHAPTER,MfgCountersinkTool,,,,,,,,,,,,,,,,,,,,,,,,,,,,,,,
Keywords,MFG_NAME,MFG_COMMENT,MFG_TOOL_NUMBER,MFG_NOMINAL_DIAM,MFG_CORNER_RAD,MFG_OVERALL_LGTH,MFG_CUT_LENGTH,MFG_LENGTH,MFG_BODY_DIAM,MFG_CUT_ANGLE,MFG_ENTRY_DIAM,MFG_OUTSIDE_DIAM,MFG_NB_OF_FLUTES,MFG_WAY_OF_ROT,MFG_MACH_QUALITY,MFG_TOOTH_MAT,MFG_TOOTH_DESC,MFG_TL_RAKE_ANG,MFG_RADIAL_TL_RAKE_ANG,MFG_MAX_MIL_LENGTH,MFG_MAX_MIL_TIME,MFG_COOLNT_SNTX,MFG_WEIGHT_SNTX,MFG_VC,MFG_SZ,MFG_PP,MFG_MAX_FEEDRATE,,,,,
Types,String,String,Integer,mm,mm,mm,mm,mm,mm,deg,mm,mm,Integer,String,String,String,String,deg,deg,mm,s,String,String,mm_mn,mm_turn,mm,mm_mn,,,,,
Countersink,KES1,CountersinkTool,1600,23,0,50,6.5,10,10,90,10,23,,,,,,,,,,,,,,,,,,,,,,,,,,,,,,,,,,,,,,,,,,,,,,,,,,,,,,,,,,,,,,,,,,,,,,,,,,,,,,,,,,,,,,,,,,,,,,,,,,,,,,,,,,,
Countersink,Countersink D15 A90,CountersinkTool,1601,15,0,50,2.5,10,10,90,7,15,,,,,,,,,,,,,,,,,,,,,,,,,,,,,,,,,,,,,,,,,,,,,,,,,,,,,,,,,,,,,,,,,,,,,,,,,,,,,,,,,,,,,,,,,,,,,,,,,,,,,,,,,,,
Countersink,Countersink D10 A19,CountersinkTool,1602,7,0,50,6,8,7,20,4,7,,,,,,,,,,,,,,,,,,,,,,,,,,,,,,,,,,,,,,,,,,,,,,,,,,,,,,,,,,,,,,,,,,,,,,,,,,,,,,,,,,,,,,,,,,,,,,,,,,,,,,,,,,,
Countersink,Countersink D10 A20,CountersinkTool,1603,10,0,50,8.5,10,10,20,8,10,,,,,,,,,,,,,,,,,,,,,,,,,,,,,,,,,,,,,,,,,,,,,,,,,,,,,,,,,,,,,,,,,,,,,,,,,,,,,,,,,,,,,,,,,,,,,,,,,,,,,,,,,,,
Countersink,Countersink D35 A60,CountersinkTool,1604,35,0,50,4.33,10,10,60,30,35,,,,,,,,,,,,,,,,,,,,,,,,,,,,,,,,,,,,,,,,,,,,,,,,,,,,,,,,,,,,,,,,,,,,,,,,,,,,,,,,,,,,,,,,,,,,,,,,,,,,,,,,,,,
Countersink,Countersink D58 A60,CountersinkTool,1605,58,0,50,5.2,10,20,60,52,58,,,,,,,,,,,,,,,,,,,,,,,,,,,,,,,,,,,,,,,,,,,,,,,,,,,,,,,,,,,,,,,,,,,,,,,,,,,,,,,,,,,,,,,,,,,,,,,,,,,,,,,,,,,
Countersink,Countersink D30 A90,CountersinkTool,1606,30,0,100,10,20,15,90,10,30,,,,,,,,,,,,,,,,,,,,,,,,,,,,,,,,,,,,,,,,,,,,,,,,,,,,,,,,,,,,,,,,,,,,,,,,,,,,,,,,,,,,,,,,,,,,,,,,,,,,,,,,,,,
Countersink,Countersink D30 A91,CountersinkTool,1607,20,0,100,8.66,15,15,60,10,20,,,,,,,,,,,,,,,,,,,,,,,,,,,,,,,,,,,,,,,,,,,,,,,,,,,,,,,,,,,,,,,,,,,,,,,,,,,,,,,,,,,,,,,,,,,,,,,,,,,,,,,,,,,
END,,,,,,,,,,,,,,,,,,,,,,,,,,,,,,,,,,,,,,,,,,,,,,,,,,,,,,,,,,,,,,,,,,,,,,,,,,,,,,,,,,,,,,,,,,,,,,,,,,,,,,,,,,,,,,,,,,,,,,,

ENDCHAPTER,MfgReamerTool,,,,,,,,,,,,,,,,,,,,,,,,,,,,,,,,,,,,,,,,,,,,,,,,,,,,,,,,,,,,,,,,,,,,,,,,,,,,,,,,,,,,,,,,,,,,,,,,,,,,,,,,,,,,,,,,,,,,,,
Keywords,MFG_NAME,MFG_COMMENT,MFG_TOOL_NUMBER,MFG_NOMINAL_DIAM,MFG_OVERALL_LGTH,MFG_CUT_LENGTH,MFG_LENGTH,MFG_BODY_DIAM,MFG_TL_TIP_LGTH,MFG_ENTRY_DIAM,MFG_NB_OF_FLUTES,MFG_WAY_OF_ROT,MFG_TOOTH_MAT,MFG_TOOTH_DESC,MFG_TOOTH_MATDESC,MFG_TL_RAKE_ANG,MFG_RADIAL_TL_RAKE_ANG,MFG_MAX_MIL_LENGTH,MFG_MAX_MIL_TIME,MFG_COOLNT_SNTX,MFG_WEIGHT_SNTX,MFG_VC,MFG_SZ,MFG_PP,MFG_MAX_FEEDRATE,,,,,,,,,,,,,,,,,,,,,,,,,,,,,,,,,,,,,,,,,,,,,,,,,,,,,,,,,,,,,,,,,,,,,,,,,,,,,,,,,,,,,,,,,,,,,,
Types,String,String,Integer,mm,mm,mm,mm,mm,mm,mm,Integer,String,String,String,String,deg,deg,mm,s,String,String,mm_mn,mm_turn,mm,mm_mn,,,,,,,,,,,,,,,,,,,,,,,,,,,,,,,,,,,,,,,,,,,,,,,,,,,,,,,,,,,,,,,,,,,,,,,,,,,,,,,,,,,,,,,,,,,,,,
Reamer,REAM10,ReamerTool,1400,10,60,45,50,9,1,8,,,,,,,,,,,,,,,,,,,,,,,,,,,,,,,,,,,,,,,,,,,,,,,,,,,,,,,,,,,,,,,,,,,,,,,,,,,,,,,,,,,,,,,,,,,,,,,,,,,,,,,,,,,,,
Reamer,REAM12,ReamerTool,1401,12,60,45,50,12,1,10,,,,,,,,,,,,,,,,,,,,,,,,,,,,,,,,,,,,,,,,,,,,,,,,,,,,,,,,,,,,,,,,,,,,,,,,,,,,,,,,,,,,,,,,,,,,,,,,,,,,,,,,,,,,,
Reamer,REAM20,ReamerTool,1402,20,60,35,40,12,1,18,,,,,,,,,,,,,,,,,,,,,,,,,,,,,,,,,,,,,,,,,,,,,,,,,,,,,,,,,,,,,,,,,,,,,,,,,,,,,,,,,,,,,,,,,,,,,,,,,,,,,,,,,,,,,
END,,,,,,,,,,,,,,,,,,,,,,,,,,,,,,

ENDCHAPTER,MfgTapTool,,,,,,,,,,,,,,,,,,,,,,,,,,,,,
Keywords,MFG_NAME,MFG_COMMENT,MFG_TOOL_NUMBER,MFG_NOMINAL_DIAM,MFG_CORNER_RAD,MFG_OVERALL_LGTH,MFG_CUT_LENGTH,MFG_LENGTH,MFG_BODY_DIAM,MFG_TAPER_ANGLE,MFG_TL_TIP_LGTH,MFG_ENTRY_DIAM,MFG_NB_OF_FLUTES,MFG_WAY_OF_ROT,MFG_TOOTH_MAT,MFG_TOOTH_DESC,MFG_TOOTH_MATDESC,MFG_THREAD_FORM,MFG_THREAD_CLASS,MFG_THD_FRM_DESC,MFG_THD_CLS_DESC,MFG_PITCH_OF_THREAD,MFG_MAX_MIL_LENGTH,MFG_MAX_MIL_TIME,MFG_COOLNT_SNTX,MFG_WEIGHT_SNTX,MFG_VC,MFG_SZ,MFG_PP,MFG_MAX_FEEDRATE
Types,String,String,Integer,mm,mm,mm,mm,mm,mm,deg,mm,mm,Integer,String,String,String,String,String,String,String,String,mm,mm,s,String,String,mm_mn,mm_turn,mm,mm_mn
Tap,Tap D6,Tap Tool,3,6,0,100,50,60,10,0,2,4,,,, ,,,,,,1,,,,,,,,
Tap,Tap D8,Tap Tool,4,8,0,100,50,60,12,0,2,6,,,, ,,,,,,1,,,,,,,,
Tap,Tap D10,Tap Tool,5,10,0,100,50,60,15,0,2,8.5,,,, ,,,,,,1.5,,,,,,,,
Tap,Tap D12,Tap Tool,6,12,0,100,50,60,15,0,2,10,,,,,,,,,,1,,,,,,,,
Tap,Tap D14,Tap Tool,7,14,0,100,50,60,15,0,2,12,,,,,,,,,,,,,,,,,,
Tap,Tap D18,Tap Tool,8,18,0,100,50,60,18,0,2,15,,,,,,,,,,1,,,,,,,,
Tap,Tap D20,Tap Tool,9,20,0,100,50,60,20,0,2,15,,,,,,,,,,,,,,,,,,
END,,,,,,,,,,,,,,,,,,,,,,,,,,,,,,

ENDCHAPTER,MfgTwoSidesChamferingTool,,,,,,,,,,,,,,,,,,,,,,,,,,,,,
Keywords,MFG_NAME,MFG_COMMENT,MFG_TOOL_NUMBER,MFG_NOMINAL_DIAM,MFG_OVERALL_LGTH,MFG_CUT_LENGTH,MFG_LENGTH,MFG_BODY_DIAM,MFG_TL_TIP_LGTH,MFG_CUT_ANGLE,MFG_ENTRY_DIAM,MFG_ANGLE2,MFG_NB_OF_FLUTES,MFG_WAY_OF_ROT,MFG_TOOTH_MAT,MFG_TOOTH_DESC,MFG_TOOTH_MATDESC,MFG_TL_RAKE_ANG,MFG_RADIAL_TL_RAKE_ANG,MFG_MAX_MIL_LENGTH,MFG_MAX_MIL_TIME,MFG_COOLNT_SNTX,MFG_WEIGHT_SNTX,MFG_VC,MFG_SZ,MFG_PP,MFG_MAX_FEEDRATE,,,
Types,String,String,Integer,mm,mm,mm,mm,mm,mm,deg,mm,deg,Integer,String,String,String,String,deg,deg,mm,s,String,String,mm_mn,mm_turn,mm,mm_mn,,,,,,,,,,,,,,,,,,,,,,,,,,,,,,,,,,,,,,,,,,,,,,,,,,,,,,,,,,,,,,,,,,,,,,,,,,,,,,,,,,,,,,,,,,,,,,,,,,,,,,,,,,,,,,,,,,,,,,,
Two sides chamfering,Two sides chamfering Tool D20,Two sides chamfering Tool ,12,10,100,50,70,10,5,120,10,120,,,,,,,,,,,,,,,,,,,,,,,,,,,,,,,,,,,,,,,,,,,,,,,,,,,,,,,,,,,,,,,,,,,,,,,,,,,,,,,,,,,,,,,,,,,,,,,,,,,,,,,,,,,,,,,,,,,,,,,,,,,,,,,,,,,,,,
END,,,,,,,,,,,,,,,,,,,,,,,,,,,,,,,,,,,,,,,,,,,,,,,,,,,,,,,,,,,,,,,,,,,,,,,,,,,,,,,,,,,,,,,,,,,,,,,,,,,,,,,,,,,,,,,,,,,,,,,,,,,,,,,,,,,,,,,,,,,,,,,,,,

ENDCHAPTER,MfgThreadMillTool,,,,,,,,,,,,,,,,,,,,,,,,,,,,,,,,,,,,,,,,,,,,,,,,,,,,,,,,,,,,,,,,,,,,,,,,,,,,,,,,,,,,,,,,,,,,,,,,,,,,,,,,,,,,,,,,,,,,,,,,,,,,,,,,,,,,,,,,,,,,,,,,,
Keywords,MFG_NAME,MFG_COMMENT,MFG_TOOL_NUMBER,MFG_NOMINAL_DIAM,MFG_OVERALL_LGTH,MFG_CUT_LENGTH,MFG_LENGTH,MFG_BODY_DIAM,MFG_TAPER_ANGLE,MFG_OUTSIDE_DIAM,MFG_LENGTH_1,MFG_NB_OF_FLUTES,MFG_WAY_OF_ROT,MFG_TOOTH_MAT,MFG_TOOTH_DESC,MFG_TOOTH_MATDESC,MFG_THREAD_FORM,MFG_THREAD_CLASS,MFG_THD_FRM_DESC,MFG_THD_CLS_DESC,MFG_PITCH_OF_THREAD,MFG_MAX_MIL_LENGTH,MFG_MAX_MIL_TIME,MFG_COOLNT_SNTX,MFG_WEIGHT_SNTX,MFG_VC,MFG_SZ,MFG_PP,MFG_MAX_FEEDRATE,,,,,,,,,,,,,,,,,,,,,,,,,,,,,,,,,,,,,,,,,,,,,,,,,,,,,,,,,,,,,,,,,,,,,,,,,,,,,,,,,,,,,,,,,,,,,,,,,,,,,,,,,,,,,,,,,,,,,
Types,String,String,Integer,mm,mm,mm,mm,mm,deg,mm,mm,Integer,String,String,String,String,String,String,String,String,mm,mm,s,String,String,mm_mn,mm_turn,mm,mm_mn,,,,,,,,,,,,,,,,,,,,,,,,,,,,,,,,,,,,,,,,,,,,,,,,,,,,,,,,,,,,,,,,,,,,,,,,,,,,,,,,,,,,,,,,,,,,,,,,,,,,,,,,,,,,,,,,,,,,,
Thread Mill,Thread Mill D10,Thread Mill Tool,16,10,100,50,60,15,120,12,49.423,,,,,,,,,,1.5,,,,,,,,,,,,,,,,,,,,,,,,,,,,,,,,,,,,,,,,,,,,,,,,,,,,,,,,,,,,,,,,,,,,,,,,,,,,,,,,,,,,,,,,,,,,,,,,,,,,,,,,,,,,,,,,,,,,,,,,,,,,,
END,,,,,,,,,,,,,,,,,,,,,,,,,,,,,,,,,,,,,,,,,,,,,,,,,,,,,,,,,,,,,,,,,,,,,,,,,,,,,,,,,,,,,,,,,,,,,,,,,,,,,,,,,,,,,,,,,,,,,,,,,,,,,,,,,,,,,,,,,,,,,,,,,,

ENDCHAPTER,MfgCounterboreMillTool,,,,,,,,,,,,,,,,,,,,,,,,,,,,,,,,,,,,,,,,,,,,,,,,,,,,,,,,,,,,,,,,,,,,,,,,,,,,,,,,,,,,,,,,,,,,,,,,,,,,,,,,,,,,,,,,,,,,,,,,,,,,,,,,,,,,,,,,,,,,,,,,,
Keywords,MFG_NAME,MFG_COMMENT,MFG_TOOL_NUMBER,MFG_NOMINAL_DIAM,MFG_OVERALL_LGTH,MFG_CUT_LENGTH,MFG_LENGTH,MFG_BODY_DIAM,MFG_TL_TIP_LGTH,MFG_ENTRY_DIAM,MFG_NB_OF_FLUTES,MFG_WAY_OF_ROT,MFG_MACH_QUALITY,MFG_COMPOSITION,MFG_TOOTH_MAT,MFG_TOOTH_DESC,MFG_TOOTH_MATDESC,MFG_TL_RAKE_ANG,MFG_RADIAL_TL_RAKE_ANG,MFG_MAX_PLNG_ANG,MFG_MAX_MIL_LENGTH,MFG_MAX_MIL_TIME,MFG_COOLNT_SNTX,MFG_WEIGHT_SNTX,MFG_VC,MFG_SZ,MFG_PP,MFG_MAX_FEEDRATE,,,,,,,,,,,,,,,,,,,,,,,,,,,,,,,,,,,,,,,,,,,,,,,,,,,,,,,,,,,,,,,,,,,,,,,,,,,,,,,,,,,,,,,,,,,,,,,,,,,,,,,,,,,,,,,,,,,,,,
Types,String,String,Integer,mm,mm,mm,mm,mm,mm,mm,Integer,String,String,String,String,String,String,deg,deg,deg,mm,s,String,String,mm_mn,mm_turn,mm,mm_mn,,,,,,,,,,,,,,,,,,,,,,,,,,,,,,,,,,,,,,,,,,,,,,,,,,,,,,,,,,,,,,,,,,,,,,,,,,,,,,,,,,,,,,,,,,,,,,,,,,,,,,,,,,,,,,,,,,,,,,
Counterbore Mill,Counterbore Mill Tool D20,Counterbore Mill Tool,15,20,100,15,60,15,5,10,,,,,,,,,,,,,,,,,,,,,,,,,,,,,,,,,,,,,,,,,,,,,,,,,,,,,,,,,,,,,,,,,,,,,,,,,,,,,,,,,,,,,,,,,,,,,,,,,,,,,,,,,,,,,,,,,,,,,,,,,,,,,,,,,,,,,,,,
END,,,,,,,,,,,,,,,,,,,,,,,,,,,,,,,,,,,,,,,,,,,,,,,,,,,,,,,,,,,,,,,,,,,,,,,,,,,,,,,,,,,,,,,,,,,,,,,,,,,,,,,,,,,,,,,,,,,,,,,,,,,,,,,,,,,,,,,,,,,,,,,,,,

ENDCHAPTER,MfgConicalMillTool,,,,,,,,,,,,,,,,,,,,,,,,,,,,,,,,,,
Keywords,MFG_NAME,MFG_COMMENT,MFG_TOOL_NUMBER,MFG_BALL_TYPE,MFG_NOMINAL_DIAM,MFG_CORNER_RAD,MFG_OVERALL_LGTH,MFG_CUT_LENGTH,MFG_LENGTH,MFG_BODY_DIAM,MFG_CUT_ANGLE,MFG_ENTRY_DIAM,MFG_NB_OF_FLUTES,MFG_WAY_OF_ROT,MFG_MACH_QUALITY,MFG_COMPOSITION,MFG_TOOTH_MAT,MFG_TOOTH_DESC,MFG_TOOTH_MATDESC,MFG_TL_RAKE_ANG,MFG_RADIAL_TL_RAKE_ANG,MFG_MAX_PLNG_ANG,MFG_MAX_MIL_LENGTH,MFG_MAX_MIL_TIME,MFG_COOLNT_SNTX,MFG_WEIGHT_SNTX,MFG_VC_FINISH,MFG_SZ_FINISH,MFG_AA_FINISH,MFG_AR_FINISH,MFG_VC_ROUGH,MFG_SZ_ROUGH,MFG_AA_ROUGH,MFG_AR_ROUGH,MFG_MAX_FEEDRATE
Types,String,String,Integer,Integer,mm,mm,mm,mm,mm,mm,deg,mm,Integer,String,String,String,String,String,String,deg,deg,deg,mm,s,String,String,mm_mn,mm_turn,mm,mm,mm_mn,mm_turn,mm,mm,mm_mn
Conical Mill,Conical Mill Tool  D25,Conical Mill Tool,3,,25,2,100,40,15,10,20,11.477,,,,,,,,,,,,,,,,,,,,,,,
END,,,,,,,,,,,,,,,,,,,,,,,,,,,,,,,,,,,

ENDCHAPTER,MfgTSlotterTool,,,,,,,,,,,,,,,,,,,,,,,,,,,,,,,,,,
Keywords,MFG_NAME,MFG_COMMENT,MFG_TOOL_NUMBER,MFG_BALL_TYPE,MFG_NOMINAL_DIAM,MFG_CORNER_RAD,MFG_CORNER_RAD_2,MFG_OVERALL_LGTH,MFG_LENGTH,MFG_BODY_DIAM,MFG_NB_OF_FLUTES,MFG_WAY_OF_ROT,MFG_MACH_QUALITY,MFG_COMPOSITION,MFG_TOOTH_MAT,MFG_TOOTH_DESC,MFG_TOOTH_MATDESC,MFG_TL_RAKE_ANG,MFG_RADIAL_TL_RAKE_ANG,MFG_MAX_MIL_LENGTH,MFG_MAX_MIL_TIME,MFG_COOLNT_SNTX,MFG_WEIGHT_SNTX,MFG_VC_FINISH,MFG_SZ_FINISH,MFG_AA_FINISH,MFG_AR_FINISH,MFG_VC_ROUGH,MFG_SZ_ROUGH,MFG_AA_ROUGH,MFG_AR_ROUGH,MFG_MAX_FEEDRATE,,,
Types,String,String,Integer,Integer,mm,mm,mm,mm,mm,mm,Integer,String,String,String,String,String,String,deg,deg,mm,s,String,String,mm_mn,mm_turn,mm,mm,mm_mn,mm_turn,mm,mm,mm_mn,,,
T-Slotter,T-Slotter D21,T-Slotter Tool,1301,,21,0,0,80,9,10,,,,,,,,,,,,,,,,,,,,,,,,,
T-Slotter,T-Slotter D25,T-Slotter Tool,1302,,25,0,0,80,11,12,,,,,,,,,,,,,,,,,,,,,,,,,
T-Slotter,T-Slotter D28,T-Slotter Tool,1303,,28,0,0,85,12,14,,,,,,,,,,,,,,,,,,,,,,,,,
T-Slotter,T-Slotter D32,T-Slotter Tool,1304,,32,0,0,90,14,16,,,,,,,,,,,,,,,,,,,,,,,,,
T-Slotter,T-Slotter D36,T-Slotter Tool,1305,,36,0,0,100,18,18,,,,,,,,,,,,,,,,,,,,,,,,,
T-Slotter,T-Slotter D40,T-Slotter Tool,1306,,40,0,0,110,18,20,,,,,,,,,,,,,,,,,,,,,,,,,
T-Slotter,T-Slotter D50,T-Slotter Tool,1307,,50,0,0,120,10,25,,,,,,,,,,,,,,,,,,,,,,,,,
T-Slotter,T-Slotter D100,T-Slotter Tool,1308,,100,0,0,120,10,32,,,,,,,,,,
T-Slotter,T-Slotter D100 Rc5,T-Slotter Tool,1309,,100,5,5,120,10,32,,,,,,,,,,
T-Slotter,T-Slotter D160,T-Slotter Tool,1310,,160,0,0,120,16,32,,,,,,,,,,
T-Slotter,T-Slotter D200,T-Slotter Tool,1311,,200,0,0,120,16,32,,,,,,,,,,
T-Slotter,T-Slotter D250,T-Slotter Tool,1312,,250,0,0,120,16,32,,,,,,,,,,
T-Slotter,T-Slotter D320,T-Slotter Tool,1313,,320,0,0,120,16,32,,,,,,,,,,
END,,,,,,,,,,,,,,,,,,,,

ENDCHAPTER,MfgExternalTool,,,,,,,,,,,,,,,,,,,
Keywords,MFG_NAME,MFG_COMMENT,MFG_HAND_STYLE,MFG_HOLDER_CAPAB,MFG_KAPPA_R,MFG_INSERT_ANGLE,MFG_CLEAR_ANGLE,MFG_INSERT_LGTH,MFG_SHK_CUT_WDTH,MFG_SHANK_HEIGTH,MFG_LENGTH_1,MFG_LENGTH_2,MFG_SHANK_WIDTH,MFG_MAX_MIL_LENGTH,MFG_MAX_MIL_TIME,MFG_COOLNT_SNTX,MFG_WEIGHT_SNTX,MFG_TRAILING_ANG,MFG_LEADING_ANG,MFG_MAX_REC_DPTH
Types,String,String,String,String,deg,deg,deg,mm,mm,mm,mm,mm,mm,mm,s,String,String,deg,deg,mm
External Lathe Holder,PCBNL2525M12,PCBNL2525M12,,,75,80,0,12.9,22,25,150,26,25,,,,,5,75,26
External Lathe Holder,PCBNL2525M16,PCBNL2525M16,,,75,80,0,16.1,22,25,150,30,25,,,,,5,75,30
External Lathe Holder,PCBNL3232P19,PCBNL3232P19,,,75,80,0,19.3,27,32,170,38,32,,,,,5,75,38
External Lathe Holder,PDJNL1616H11,PDJNL1616H11,,,93,55,0,11.6,20,16,100,28,16,,,,,32,93,28
External Lathe Holder,PDJNL2525M11,PDJNL2525M11,,,93,55,0,11.6,32,25,150,28,25,,,,,32,93,28
External Lathe Holder,PDJNL3232P15,PDJNL3232P15,,,93,55,0,15.5,40,32,170,36,32,,,,,32,93,36
External Lathe Holder,PSBNL2020K12,PSBNL2020K12,,,75,90,0,12.7,17,20,125,26,20,,,,,15,75,26
External Lathe Holder,PSBNL2525M15,PSBNL2525M15,,,75,90,0,15.875,22,25,150,36,25,,,,,15,75,36
External Lathe Holder,PSBNL3232P19,PSBNL3232P19,,,75,90,0,19.05,27,32,170,40,32,,,,,15,75,40
External Lathe Holder,PTFNL2020K16,PTFNL2020K16,,,90,60,0,16.5,25,20,125,20,20,,,,,30,90,20
External Lathe Holder,PTFNL2525M16,PTFNL2525M16,,,90,60,0,16.5,32,25,150,20,25,,,,,30,90,20
External Lathe Holder,PTFNL3225P16,PTFNL3225P16,,,90,60,0,16.5,32,32,170,20,25,,,,,30,90,20
External Lathe Holder,PWLNL1616H06,PWLNL1616H06,,,95,80,0,6.5,20,16,100,18.5,16,,,,,5,95,18.5
External Lathe Holder,PWLNL2525M06,PWLNL2525M06,,,95,80,0,6.5,32,25,150,22,25,,,,,5,95,22
External Lathe Holder,PWLNL3225P10,PWLNL3225P10,,,95,80,0,10.8,32,32,170,22,25,,,,,5,95,22
External Lathe Holder,MTJNL2020K16,MTJNL2020K16,,,93,60,0,16.5,25,20,125,30.8,20,,,,,27,93,30.8
External Lathe Holder,MTJNL3225P16,MTJNL3225P16,,,93,60,0,16.5,32,32,170,30.8,25,,,,,27,93,30.8
External Lathe Holder,MTJNL3225P22,MTJNL3225P22,,,93,60,0,22,32,32,170,34.8,25,,,,,27,93,34.8
External Lathe Holder,PCBNR2525M12,PCBNR2525M12,,,75,80,0,12.9,22,25,150,26,25,,,,,5,75,26
External Lathe Holder,PCBNR2525M16,PCBNR2525M16,,,75,80,0,16.1,22,25,150,30,25,,,,,5,75,30
External Lathe Holder,PCBNR3232P19,PCBNR3232P19,,,75,80,0,19.3,27,32,170,38,32,,,,,5,75,38
External Lathe Holder,PDJNR1616H11,PDJNR1616H11,,,93,55,0,11.6,20,16,100,28,16,,,,,32,93,28
External Lathe Holder,PDJNR2525M11,PDJNR2525M11,,,93,55,0,11.6,32,25,150,28,25,,,,,32,93,28
External Lathe Holder,PDJNR3232P15,PDJNR3232P15,,,93,55,0,15.5,40,32,170,36,32,,,,,32,93,36
External Lathe Holder,PSBNR2020K12,PSBNR2020K12,,,75,90,0,12.7,17,20,125,26,20,,,,,15,75,26
External Lathe Holder,PSBNR2525M15,PSBNR2525M15,,,75,90,0,15.875,22,25,150,36,25,,,,,15,75,36
External Lathe Holder,PSBNR3232P19,PSBNR3232P19,,,75,90,0,19.05,27,32,170,40,32,,,,,15,75,40
External Lathe Holder,PTFNR2020K16,PTFNR2020K16,,,90,60,0,16.5,25,20,125,20,20,,,,,30,90,20
External Lathe Holder,PTFNR2525M16,PTFNR2525M16,,,90,60,0,16.5,32,25,150,20,25,,,,,30,90,20
External Lathe Holder,PTFNR3225P16,PTFNR3225P16,,,90,60,0,16.5,32,32,170,20,25,,,,,30,90,20
External Lathe Holder,PWLNR1616H06,PWLNR1616H06,,,95,80,0,6.5,20,16,100,18.5,16,,,,,5,95,18.5
External Lathe Holder,PWLNR2525M06,PWLNR2525M06,,,95,80,0,6.5,32,25,150,22,25,,,,,5,95,22
External Lathe Holder,PWLNR3225P10,PWLNR3225P10,,,95,80,0,10.8,32,32,170,22,25,,,,,5,95,22
External Lathe Holder,MTJNR2020K16,MTJNR2020K16,,,93,60,0,16.5,25,20,125,30.8,20,,,,,27,93,30.8
External Lathe Holder,MTJNR3225P16,MTJNR3225P16,,,93,60,0,16.5,32,32,170,30.8,25,,,,,27,93,30.8
External Lathe Holder,MTJNR3225P22,MTJNR3225P22,,,93,60,0,22,32,32,170,34.8,25,,,,,27,93,34.8
External Lathe Holder,SRDCN1212F06,SRDCN1212F06,,,0,0,0,6,6,12,80,12,12,,,,,90,90,12
External Lathe Holder,SRDCN2525M08,SRDCN2525M08,,,0,0,0,8,12.5,25,150,25,25,,,,,90,90,25
External Lathe Holder,PRDCN3225P16,PRDCN3225P16,,,0,0,0,16,32,32,170,32,25,,,,,90,90,32
External Lathe Holder,PSDCN1212F09,PSDCN1212F09,,,45,0,0,9.525,6,12,80,20,12,,,,,45,45,20
External Lathe Holder,PSDCN1616H12,PSDCN1616H12,,,45,0,0,12.7,8,16,100,25,16,,,,,45,45,25
External Lathe Holder,PSDCN2525M12,PSDCN2525M12,,,45,0,0,12.7,12.5,25,150,25,25,,,,,45,45,25
External Lathe Holder,PCLCL1212F06,PCLCL1212F06,,,95,80,0,6.45,16,12,80,18,12,,,,,5,95,18
External Lathe Holder,PCLCL1616H06,PCLCL1616H06,,,95,80,0,6.45,20,16,100,25,16,,,,,5,95,25
External Lathe Holder,PCLCL2020K06,PCLCL2020K06,,,95,80,0,6.45,25,20,125,25,20,,,,,5,95,25
External Lathe Holder,SDHCL1212F07,SDHCL1212F07,,,107.5,55,0,7.75,16,12,80,18,12,,,,,17.5,107.5,18
External Lathe Holder,PDHCL2020K11,PDHCL2020K11,,,107.5,55,0,11.63,25,20,125,22,20,,,,,17.5,107.5,22
External Lathe Holder,PDHCL3225P11,PDHCL3225P11,,,107.5,55,0,11.63,32,32,170,28,25,,,,,17.5,107.5,28
External Lathe Holder,PTGCL1616H16,PTGCL1616H16,,,90,60,0,16.5,20,16,100,22,16,,,,,30,90,22
External Lathe Holder,PTGCL2020K16,PTGCL2020K16,,,90,60,0,16.5,25,20,125,22,20,,,,,30,90,22
External Lathe Holder,PTGCL2525M16,PTGCL2525M16,,,90,60,0,16.5,32,25,150,22,25,,,,,30,90,22
External Lathe Holder,PVHBL1616H11,PVHBL1616H11,,,107.5,35,0,11,20,16,100,25,16,,,,,37.5,107.5,25
External Lathe Holder,PVHBL2525M11,PVHBL2525M11,,,107.5,35,0,11,32,25,150,32,25,,,,,37.5,107.5,32
External Lathe Holder,PVHBL2525M16,PVHBL2525M16,,,107.5,35,0,16.6,32,25,150,28,25,,,,,37.5,107.5,28
External Lathe Holder,PWLCL1212F04,PWLCL1212F04,,,95,80,0,4.3,16,12,80,15,12,,,,,5,95,15
External Lathe Holder,PWLCL2020K04,PWLCL2020K04,,,95,80,0,4.3,25,20,125,15,20,,,,,5,95,15
External Lathe Holder,PWLCL2525M06,PWLCL2020K04,,,95,80,0,6.5,32,25,150,25,25,,,,,5,95,25
External Lathe Holder,PCLCR1212F06,PCLCR1212F06,,,95,80,0,6.45,16,12,80,18,12,,,,,5,95,18
External Lathe Holder,PCLCR1616H06,PCLCR1616H06,,,95,80,0,6.45,20,16,100,25,16,,,,,5,95,25
External Lathe Holder,PCLCR2020K06,PCLCR2020K06,,,95,80,0,6.45,25,20,125,25,20,,,,,5,95,25
External Lathe Holder,SDHCR1212F07,SDHCR1212F07,,,107.5,55,0,7.75,16,12,80,18,12,,,,,17.5,107.5,18
External Lathe Holder,PDHCR2020K11,PDHCR2020K11,,,107.5,55,0,11.63,25,20,125,22,20,,,,,17.5,107.5,22
External Lathe Holder,PDHCR3225P11,PDHCR3225P11,,,107.5,55,0,11.63,32,32,170,28,25,,,,,17.5,107.5,28
External Lathe Holder,PTGCR1616H16,PTGCR1616H16,,,90,60,0,16.5,20,16,100,22,16,,,,,30,90,22
External Lathe Holder,PTGCR2020K16,PTGCR2020K16,,,90,60,0,16.5,25,20,125,22,20,,,,,30,90,22
External Lathe Holder,PTGCR2525M16,PTGCR2525M16,,,90,60,0,16.5,32,25,150,22,25,,,,,30,90,22
External Lathe Holder,PVHBR1616H11,PVHBR1616H11,,,107.5,35,0,11,20,16,100,25,16,,,,,37.5,107.5,25
External Lathe Holder,PVHBR2525M11,PVHBR2525M11,,,107.5,35,0,11,32,25,150,32,25,,,,,37.5,107.5,32
External Lathe Holder,PVHBR2525M16,PVHBR2525M16,,,107.5,35,0,16.6,32,25,150,28,25,,,,,37.5,107.5,28
External Lathe Holder,PWLCR1212F04,PWLCR1212F04,,,95,80,0,4.3,16,12,80,15,12,,,,,5,95,15
External Lathe Holder,PWLCR2020K04,PWLCR2020K04,,,95,80,0,4.3,25,20,125,15,20,,,,,5,95,15
External Lathe Holder,PWLCR2525M06,PWLCR2525M06,,,95,80,0,6.5,32,25,150,25,25,,,,,5,95,25
END,,,,,,,,,,,,,,,,,,,,

ENDCHAPTER,MfgInternalTool,,,,,,,,,,,,,,,,,,,
Keywords,MFG_NAME,MFG_COMMENT,MFG_HAND_STYLE,MFG_KAPPA_R,MFG_INSERT_ANGLE,MFG_CLEAR_ANGLE,MFG_INSERT_LGTH,MFG_BODY_DIAM,MFG_BAR_LENGTH_1,MFG_BAR_LENGTH_2,MFG_BAR_CUT_RAD,MFG_MAX_MIL_LENGTH,MFG_MAX_MIL_TIME,MFG_COOLNT_SNTX,MFG_WEIGHT_SNTX,MFG_TRAILING_ANG,MFG_LEADING_ANG,MFG_MAX_REC_DPTH,MFG_MAX_BOR_DPTH,MFG_MIN_DIAM
Types,String,String,String,deg,deg,deg,mm,mm,mm,mm,mm,mm,s,String,String,deg,deg,mm,mm,mm
Internal Lathe Holder,S16R-PCLNL09,,,95,80,0,9.67,16,200,26,11,,,,,5,95,3,26,20
Internal Lathe Holder,S25T-PCLNL12,,,95,80,0,9.67,25,300,37,17,,,,,5,95,4.5,37,32
Internal Lathe Holder,S50W-PCLNL16,,,95,80,0,16.1,50,450,56,35,,,,,5,95,10,56,63
Internal Lathe Holder,S50W-PCLNL19,,,95,80,0,19.3,50,450,63,35,,,,,5,95,10,63,63
Internal Lathe Holder,S25T-PDUNL11,,,93,55,0,11.63,25,300,35,17,,,,,27,93,4.5,35,32
Internal Lathe Holder,S40V-PDUNL15,,,93,55,0,15.5,40,400,56,27,,,,,27,93,7,56,50
Internal Lathe Holder,S25T-PSKNL12,,,75,90,0,12.7,25,300,36.8,17,,,,,15,75,4.5,36.8,32
Internal Lathe Holder,S16R-PTFNL11,,,91,60,0,11,16,200,27,11,,,,,29,89,3,27,20
Internal Lathe Holder,S25T-PTFNL16W,,,91,60,0,16.6,25,300,36.8,17,,,,,24,89,4.5,36.8,32
Internal Lathe Holder,Internal Tool 01,,,91,60,0,22,40,400,58.9,27,,,,,24,89,7,58.9,50
Internal Lathe Holder,S20S-MWLNL06,,,95,80,0,6.5,20,250,32.3,13,,,,,5,95,3,32.3,25
Internal Lathe Holder,S25T-MWLNL08,,,95,80,0,8.72,25,300,39.9,17,,,,,5,95,4.5,39.9,32
Internal Lathe Holder,S40V-MVUNL16,,,93,35,0,16.6,40,400,56,27,,,,,50,93,7,56,50
Internal Lathe Holder,S16R-PCLNR09,,,95,80,0,9.67,16,200,26,11,,,,,5,85,3,26,20
Internal Lathe Holder,S25T-PCLNR12,,,95,80,0,9.67,25,300,37,17,,,,,5,95,4.5,37,32
Internal Lathe Holder,S50W-PCLNR16,,,95,80,0,16.1,50,450,56,35,,,,,5,95,10,56,63
Internal Lathe Holder,S50W-PCLNR19,,,95,80,0,19.3,50,450,63,35,,,,,5,95,10,63,63
Internal Lathe Holder,S25T-PDUNR11,,,93,55,0,11.63,25,300,35,17,,,,,27,93,4.5,35,32
Internal Lathe Holder,S40V-PDUNR15,,,93,55,0,15.5,40,400,56,27,,,,,27,93,7,56,50
Internal Lathe Holder,S25T-PSKNR12,,,75,90,0,12.7,25,300,36.8,17,,,,,15,95,4.5,36.8,32
Internal Lathe Holder,S16R-PTFNR11,,,91,60,0,11,16,200,27,11,,,,,29,89,3,27,20
Internal Lathe Holder,S25T-PTFNR16W,,,91,60,0,16.6,25,300,36.8,17,,,,,24,89,4.5,36.8,32
Internal Lathe Holder,S40V-PTFNR22W,,,91,60,0,22,40,400,58.9,27,,,,,24,89,7,58.9,50
Internal Lathe Holder,S20S-MWLNR06,,,95,80,0,6.5,20,250,32.3,13,,,,,5,95,3,32.3,25
Internal Lathe Holder,S25T-MWLNR08,,,95,80,0,8.72,25,300,39.9,17,,,,,5,95,4.5,39.9,32
Internal Lathe Holder,S40V-MVUNR16,,,93,35,0,16.6,40,400,56,27,,,,,50,93,7,56,50
Internal Lathe Holder,S12M-SCLCL06,,,95,80,7,6.45,12,150,24.5,9,,,,,5,95,3,24.5,16
Internal Lathe Holder,S16R-SCLCL09-M,,,95,80,7,9.525,16,200,32.5,11,,,,,5,95,3,32.5,20
Internal Lathe Holder,S25T-SCLCL12,,,95,80,7,12.7,25,300,45,17,,,,,5,95,4.5,45,32
Internal Lathe Holder,S10K-SDUCL07,,,93,55,7,7.75,10,125,19.8,7,,,,,30,93,2,19.8,13
Internal Lathe Holder,S20S-PDUCL11-M,,,93,55,7,11.63,20,250,25,13,,,,,30,93,3,30.4,25
Internal Lathe Holder,S16R-SSKCL09-M,,,75,90,7,9.525,16,200,32.5,11,,,,,15,75,3,32.5,20
Internal Lathe Holder,S25T-SSKCL12,,,75,90,7,12.7,25,300,44.8,17,,,,,15,75,4.5,44.8,32
Internal Lathe Holder,S10K-STFCL09,,,91,60,7,6.88,10,125,22.5,7,,,,,29,89,2,22.5,13
Internal Lathe Holder,S12M-STFCL11,,,91,60,7,11,12,150,16,9,,,,,29,89,3,30,16
Internal Lathe Holder,S25T-STFCL16-M,,,91,60,7,6.88,25,300,36.8,17,,,,,29,89,4.5,36.8,32
Internal Lathe Holder,S16R-SVUBL11-E,,,93,35,5,11,16,200,27,13,,,,,50,93,5,27,22
Internal Lathe Holder,S25T-SVUBL16-D,,,93,35,5,16.6,25,300,40,18,,,,,50,93,5.5,40,33
Internal Lathe Holder,S16R-SVQBL11-E,,,107.5,35,5,11,16,200,32.4,13,,,,,35,107.5,5,32.4,22
Internal Lathe Holder,S25T-SVQBL16-D,,,107.5,35,5,16.6,25,300,40,18,,,,,35,107.5,5.5,40,33
Internal Lathe Holder,S12M-SCLCR06,,,95,80,7,6.45,12,150,24.5,9,,,,,5,95,3,24.5,16
Internal Lathe Holder,S16R-SCLCR09-M,,,95,80,7,9.525,16,200,32.5,11,,,,,5,95,3,32.5,20
Internal Lathe Holder,S25T-SCLCR12,,,95,80,7,12.7,25,300,45,17,,,,,5,95,4.5,45,32
Internal Lathe Holder,S10K-SDUCR07,,,93,55,7,7.75,10,125,19.8,7,,,,,30,93,2,19.8,13
Internal Lathe Holder,S20S-SDUCR11-M,,,93,55,7,11.63,20,250,25,13,,,,,30,93,3,30.4,25
Internal Lathe Holder,S16R-SSKCR09-M,,,75,90,7,9.525,16,200,32.5,11,,,,,15,75,3,32.5,20
Internal Lathe Holder,S25T-SSKCR12,,,75,90,7,12.7,25,300,44.8,17,,,,,15,75,4.5,44.8,32
Internal Lathe Holder,S10K-STFCR09,,,91,60,7,6.88,10,125,22.5,7,,,,,29,89,2,22.5,13
Internal Lathe Holder,S12M-STFCR11,,,91,60,7,11,12,150,16,9,,,,,29,89,3,30,16
Internal Lathe Holder,S25T-STFCR16-M,,,91,60,7,6.88,25,300,36.8,17,,,,,29,89,4.5,36.8,32
Internal Lathe Holder,S16R-SVUBR11-E,,,93,35,5,11,16,200,27,13,,,,,50,93,5,27,22
Internal Lathe Holder,S25T-SVUBR16-D,,,93,35,5,16.6,25,300,40,18,,,,,50,93,5.5,40,33
Internal Lathe Holder,S16R-SVQBR11-E,,,107.5,35,5,11,16,200,32.4,13,,,,,35,107.5,5,32.4,22
Internal Lathe Holder,S25T-SVQBR16-D,,,107.5,35,5,16.6,25,300,40,18,,,,,35,107.5,5.5,40,33
END,,,,,,,,,,,,,,,,,,,,

ENDCHAPTER,MfgGrooveExternalTool,,,,,,,,,,,,,,,,,
Keywords,MFG_NAME,MFG_COMMENT,MFG_HAND_STYLE,MFG_CLEAR_ANGLE,MFG_INSERT_WIDTH,MFG_SHK_CUT_WDTH,MFG_SHANK_HEIGTH,MFG_LENGTH_1,MFG_LENGTH_2,MFG_SHANK_WIDTH,MFG_HAND_ANGLE,MFG_MAX_MIL_LENGTH,MFG_MAX_MIL_TIME,MFG_COOLNT_SNTX,MFG_WEIGHT_SNTX,MFG_MAX_CUT_DPTH,MFG_MAX_CUT_WDTH,MFG_GAUGING_ANG
Types,String,String,String,deg,mm,mm,mm,mm,mm,mm,deg,mm,s,String,String,mm,mm,deg
External Groove Lathe Holder,NCBE20-2020L-GX24-2-21,,LEFT_HAND,,3,24.55,20,132,42,20,0,,,,,17.5,3,90
External Groove Lathe Holder,NCBE25-2525L-GX24-3-21,,LEFT_HAND,,4,31.4,25,162,47,25,0,,,,,16.5,4,90
External Groove Lathe Holder,NCBE32-3225L-GX24-4-21,,LEFT_HAND,,6,31.4,32,182,54,25,0,,,,,14.5,6,90
External Groove Lathe Holder,NCBE20-2020R-GX24-2-21,,RIGHT_HAND,,3,24.55,20,132,42,20,0,,,,,17.5,3,90
External Groove Lathe Holder,NCBE25-2525R-GX24-3-21,,RIGHT_HAND,,4,31.4,25,162,47,25,0,,,,,16.5,4,90
External Groove Lathe Holder,NCBE32-3225R-GX24-4-21,,RIGHT_HAND,,6,31.4,32,182,54,25,0,,,,,14.5,6,90
External Groove Lathe Holder,NCAE12-1212L-GX09-1,,LEFT_HAND,,2,15.55,12,78,20,12,0,,,,,4.8,2.5,90
External Groove Lathe Holder,NCAE20-2020L-GX16-1,,LEFT_HAND,,2,24.55,16,123,33,12,0,,,,,8.5,2.5,90
External Groove Lathe Holder,NCAE32-3225L-GX16-2,,LEFT_HAND,,3,31.4,32,173,45,25,0,,,,,5.5,3.5,90
External Groove Lathe Holder,NCAE12-1212R-GX09-1,,RIGHT_HAND,,2,15.55,12,78,20,12,0,,,,,4.8,2.5,90
External Groove Lathe Holder,NCAE20-2020R-GX16-1,,RIGHT_HAND,,2,24.55,16,123,33,12,0,,,,,8.5,2.5,90
External Groove Lathe Holder,NCAE32-3225R-GX16-2,,RIGHT_HAND,,3,31.4,32,173,45,25,0,,,,,5.5,3.5,90
END,,,,,,,,,,,,,,,,,,

ENDCHAPTER,MfgGrooveInternalTool,,,,,,,,,,,,,,,,,
Keywords,MFG_NAME,MFG_COMMENT,MFG_HAND_STYLE,MFG_HAND_ANGLE,MFG_CLEAR_ANGLE,MFG_BODY_DIAM,MFG_INSERT_WIDTH,MFG_BAR_LENGTH_1,MFG_BAR_LENGTH_2,MFG_BAR_CUT_RAD,MFG_MAX_MIL_LENGTH,MFG_MAX_MIL_TIME,MFG_COOLNT_SNTX,MFG_WEIGHT_SNTX,MFG_MAX_CUT_DPTH,MFG_MAX_CUT_WDTH,MFG_GAUGING_ANG,MFG_MIN_DIAM
Types,String,String,String,deg,deg,mm,mm,mm,mm,mm,mm,s,String,String,deg,deg,mm,mm
Internal Groove Lathe Holder,MfgGrooveInternalTool,LAG151.22-25R-20,LEFT_HAND,90,,25,2,200,32.3,17.7,,,,,5,2.15,90,32
Internal Groove Lathe Holder,MfgGrooveInternalTool,LAG151.22-40T-25,LEFT_HAND,90,,40,2.5,300,42.5,26.2,,,,,6,3.15,90,50
Internal Groove Lathe Holder,MfgGrooveInternalTool,LAG151.32-16M-20,LEFT_HAND,90,,16,2,150,24,11.5,,,,,3.5,2.15,90,20
Internal Groove Lathe Holder,MfgGrooveInternalTool,LAG151.32-20Q-30,LEFT_HAND,90,,20,3,180,30,14.5,,,,,4.5,3.15,90,20
Internal Groove Lathe Holder,MfgGrooveInternalTool,LAG151.32-25R-40,LEFT_HAND,90,,25,4,200,32.2,18.5,,,,,6.1,4.15,90,32
Internal Groove Lathe Holder,MfgGrooveInternalTool,RAG151.22-25R-20,RIGHT_HAND,90,,25,2,200,32.3,17.7,,,,,5,2.15,90,32
Internal Groove Lathe Holder,MfgGrooveInternalTool,RAG151.22-40T-25,RIGHT_HAND,90,,40,2.5,300,42.5,26.2,,,,,6,3.15,90,50
Internal Groove Lathe Holder,MfgGrooveInternalTool,RAG151.32-16M-20,RIGHT_HAND,90,,16,2,150,24,11.5,,,,,3.5,2.15,90,20
Internal Groove Lathe Holder,MfgGrooveInternalTool,RAG151.32-20Q-30,RIGHT_HAND,90,,20,3,180,30,14.5,,,,,4.5,3.15,90,20
Internal Groove Lathe Holder,MfgGrooveInternalTool,RAG151.32-25R-40,RIGHT_HAND,90,,25,4,200,32.2,18.5,,,,,6.1,4.15,90,32
END,,,,,,,,,,,,,,,,,,

ENDCHAPTER,MfgGrooveFrontalTool,,,,,,,,,,,,,,,,,,,,,,,
Keywords,MFG_NAME,MFG_COMMENT,MFG_HAND_STYLE,MFG_CLEAR_ANGLE,MFG_INSERT_WIDTH,MFG_SHK_CUT_WDTH,MFG_SHANK_HEIGTH,MFG_LENGTH_1,MFG_LENGTH_2,MFG_SHANK_WIDTH,MFG_MAX_MIL_LENGTH,MFG_MAX_MIL_TIME,MFG_COOLNT_SNTX,MFG_WEIGHT_SNTX,MFG_MAX_CUT_DPTH,MFG_MAX_CUT_WDTH,MFG_GAUGING_ANG,MFG_MAX_CUT_DIAM,MFG_MIN_CUT_DIAM,,,,,
Types,String,String,String,deg,mm,mm,mm,mm,mm,mm,mm,s,String,String,mm,mm,deg,mm,mm,,,,,
Frontal Groove Lathe Holder,NCEE-20-2020L-GX24-2-1,NCEE-20-2020L-GX24-2-1,LEFT_HAND,,3,24.55,20,132,42,20,,,,,17.5,3,90,70,50,,,,,
Frontal Groove Lathe Holder,NCEE-25-2525L-GX24-2-1,NCEE-25-2525L-GX24-2-1,LEFT_HAND,,3,31.45,25,162,47,25,,,,,16.5,3,90,70,50,,,,,
Frontal Groove Lathe Holder,NCHE20-2020L-GX24-2-1,NCHE20-2020L-GX24-2-1,LEFT_HAND,,3,42,20,110,42,20,,,,,17.5,3,90,70,50,,,,,
Frontal Groove Lathe Holder,NCHE25-2525L-GX24-2-1,NCHE25-2525L-GX24-2-1,LEFT_HAND,,3,47,25,140,47,25,,,,,16.5,3,90,70,50,,,,,
Frontal Groove Lathe Holder,NCEE-20-2020R-GX24-2-1,NCEE-20-2020R-GX24-2-1,RIGHT_HAND,,3,24.55,20,132,42,20,,,,,17.5,3,90,70,50,,,,,
Frontal Groove Lathe Holder,NCEE-25-2525R-GX24-2-1,NCEE-25-2525R-GX24-2-1,RIGHT_HAND,,3,31.45,25,162,47,25,,,,,16.5,3,90,70,50,,,,,
END,,,,,,,,,,,,,,,,,,,,,,,,

ENDCHAPTER,MfgThreadExternalTool,,,,,,,,,,,,,,,,,,,,,,,
Keywords,MFG_NAME,MFG_COMMENT,MFG_HAND_STYLE,MFG_INSERT_LGTH,MFG_SHK_CUT_WDTH,MFG_SHANK_HEIGTH,MFG_LENGTH_1,MFG_LENGTH_2,MFG_SHANK_WIDTH,MFG_MAX_MIL_LENGTH,MFG_MAX_MIL_TIME,MFG_COOLNT_SNTX,MFG_WEIGHT_SNTX,,,,,,,,,,,
Types,String,String,String,deg,mm,mm,mm,mm,mm,mm,s,String,String,,,,,,,,,,,
External Thread Lathe Holder,L166.4FG-1616-16,,LEFT_HAND,16,20,16,100,21.4,16,,,,,,,,,,,,,,,
External Thread Lathe Holder,L166.4FG-3225-16,,LEFT_HAND,16,32,32,150,22.2,25,,,,,,,,,,,,,,,
External Thread Lathe Holder,L166.4FG-2525-22,,LEFT_HAND,22,32,25,150,28.2,25,,,,
External Thread Lathe Holder,L166.5FA-1212-16,,LEFT_HAND,16,12.5,12,80,30.4,12,,,,
External Thread Lathe Holder,R166.4FG-1616-16,,RIGHT_HAND,16,20,16,100,21.4,16,,,,
External Thread Lathe Holder,R166.4FG-3225-16,,RIGHT_HAND,16,32,32,150,22.2,25,,,,
External Thread Lathe Holder,R166.4FG-2525-22,,RIGHT_HAND,22,32,25,150,28.2,25,,,,
External Thread Lathe Holder,R166.5FA-1212-16,,RIGHT_HAND,16,12.5,12,80,30.4,12,,,,
END,,,,,,,,,,,,,

ENDCHAPTER,MfgThreadInternalTool,,,,,,,,,,,,
Keywords,MFG_NAME,MFG_COMMENT,MFG_HAND_STYLE,MFG_INSERT_LGTH,MFG_BODY_DIAM,MFG_BAR_LENGTH_1,MFG_BAR_LENGTH_2,MFG_BAR_CUT_RAD,MFG_MAX_MIL_LENGTH,MFG_MAX_MIL_TIME,MFG_COOLNT_SNTX,MFG_WEIGHT_SNTX,MFG_MIN_DIAM
Types,String,String,String,mm,mm,mm,mm,mm,mm,s,String,String,mm
Internal Thread Lathe Holder,L166.0KF-16-1220-11B,L166.0KF-16-1220-11B,LEFT_HAND,11,16,125,20.9,10,,,,,12
Internal Thread Lathe Holder,L166.4KF-16-16,L166.4KF-16-16,LEFT_HAND,16,16,125,27,12,,,,,20
Internal Thread Lathe Holder,L166.4KF-32-16,L166.4KF-32-16,LEFT_HAND,16,32,250,30.9,22,,,,,40
Internal Thread Lathe Holder,L154.4KF-16-16,L154.4KF-16-16,LEFT_HAND,16,16,125,27,12,,,,,20
Internal Thread Lathe Holder,L166.4KF-20-22,L66.4KF-20-22,LEFT_HAND,22,20,140,34.2,15,,,,,25
Internal Thread Lathe Holder,R166.0KF-10E-11,R166.0KF-10E-11,RIGHT_HAND,11,10,150,21,7.2,,,,,12,,,,,,,,,,,
Internal Thread Lathe Holder,R166.0KF-16-1220-11B,R166.0KF-16-1220-11B,RIGHT_HAND,11,16,125,20.9,10,,,,,12,,,,,,,,,,,
Internal Thread Lathe Holder,R166.4KF-16-16,R166.4KF-16-16,RIGHT_HAND,16,16,125,27,12,,,,,20,,,,,,,,,,,
Internal Thread Lathe Holder,R166.4KF-32-16,R166.4KF-32-16,RIGHT_HAND,16,32,250,30.9,22,,,,,40,,,,,,,,,,,
Internal Thread Lathe Holder,R154.4KF-16-16,R154.4KF-16-16,RIGHT_HAND,16,16,125,27,12,,,,,20,,,,,,,,,,,
END,,,,,,,,,,,,,,,,,,,,,,,,

ENDCHAPTER,MfgRoundInsert,,,,,,,,,,,,,,,,,,,,,,,
Keywords,MFG_NAME,MFG_COMMENT,MFG_NOSE_RADIUS,MFG_INSERT_THICK,MFG_CLEAR_ANGLE,MFG_MACH_QUALITY,MFG_INSERT_MAT,MFG_LIFE_TIME,MFG_VC_FINISH,MFG_SZ_FINISH,MFG_VC_ROUGH,MFG_SZ_ROUGH,MFG_MAX_FEEDRATE,,,,,,,,,,,
Types,String,String,mm,mm,deg,String,String,s,mm_mn,mm_turn,mm_mn,mm_turn,mm_mn,,,,,,,,,,,
Round Insert,Round Insert 01,My Round Insert,5,2,,ROUGH,CERMETS,,,,,,,,,,,,,,,,,
Round Insert,RCMT10T3M0T,,5,3.97,7,EITHER,COATED_CARBIDE,,,,,,,,,,,,,,,,,
Round Insert,RCMT1204M0T,,6,4.76,7,EITHER,COATED_CARBIDE,,,,,,,,,,,,,,,,,
Round Insert,RCMT1605M0T,,8,5.56,7,EITHER,COATED_CARBIDE,,,,,,,,,,,,,,,,,
Round Insert,RCMT2006M0T,,10,6.35,7,EITHER,COATED_CARBIDE,,,,,,,,,,,,,,,,,
Round Insert,RCMT2507M0T,,12.5,7.94,7,EITHER,COATED_CARBIDE,,,,,,,,,,,,,,,,,
END,,,,,,,,,,,,,,,

ENDCHAPTER,MfgSquareInsert,,,,,,,,,,,,,,
Keywords,MFG_NAME,MFG_COMMENT,MFG_NOSE_RADIUS,MFG_INSERT_LGTH,MFG_INSCRIB_DIAM,MFG_INSERT_THICK,MFG_CLEAR_ANGLE,MFG_MACH_QUALITY,MFG_INSERT_MAT,MFG_LIFE_TIME,MFG_VC_FINISH,MFG_SZ_FINISH,MFG_VC_ROUGH,MFG_SZ_ROUGH,MFG_MAX_FEEDRATE
Types,String,String,mm,mm,mm,mm,deg,String,String,s,mm_mn,mm_turn,mm_mn,mm_turn,mm_mn
Square Insert,SNMA120408,,0.8,12.7,12.7,4.76,0,EITHER,COATED_CARBIDE,,,,,,
Square Insert,SNMA120412,,1.2,12.7,12.7,4.76,0,EITHER,COATED_CARBIDE,,,,,,
Square Insert,SNMA120416,,1.6,12.7,12.7,4.76,0,EITHER,COATED_CARBIDE,,,,,,
Square Insert,SNMG120408,,0.8,12.7,12.7,4.76,0,EITHER,COATED_CARBIDE,,,,,,
Square Insert,SNMG120412,,1.2,12.7,12.7,4.76,0,EITHER,COATED_CARBIDE,,,,,,
Square Insert,SNMG190616,,1.6,19.05,19.05,6.35,0,EITHER,COATED_CARBIDE,,,,,,
Square Insert,SCMT090308,,0.8,9.525,9.525,3.18,7,EITHER,COATED_CARBIDE,,,,,,
Square Insert,SCMT120404,,0.4,12.7,12.7,4.76,7,EITHER,COATED_CARBIDE,,,,,,
Square Insert,SCMT120408,,0.8,12.7,12.7,4.76,7,EITHER,COATED_CARBIDE,,,,,,
Square Insert,SCMT150508,,0.8,15.875,15.875,5.56,7,EITHER,COATED_CARBIDE,,,,,,
Square Insert,SCMT150512,,1.2,15.875,15.875,5.56,7,EITHER,COATED_CARBIDE,,,,,,
Square Insert,SPMR120308,,0.8,12.7,12.7,3.18,11,EITHER,COATED_CARBIDE,,,,,,,
END,,,,,,,,,,,,,,,,

ENDCHAPTER,MfgDiamondInsert,,,,,,,,,,,,,,,
Keywords,MFG_NAME,MFG_COMMENT,MFG_NOSE_RADIUS,MFG_INSERT_ANGLE,MFG_INSERT_LGTH,MFG_INSCRIB_DIAM,MFG_INSERT_THICK,MFG_CLEAR_ANGLE,MFG_MACH_QUALITY,MFG_INSERT_MAT,MFG_LIFE_TIME,MFG_VC_FINISH,MFG_SZ_FINISH,MFG_VC_ROUGH,MFG_SZ_ROUGH,MFG_MAX_FEEDRATE
Types,String,String,mm,deg,mm,mm,mm,deg,String,String,s,mm_mn,mm_turn,mm_mn,mm_turn,mm_mn
Diamond Insert,DNMG110404,,0.4,55,11.6,9.525,4.76,0,EITHER,COATED_CARBIDE,,,,,,
Diamond Insert,CNMA120408,,0.8,80,12.9,12.7,4.76,0,EITHER,COATED_CARBIDE,,,,,,
Diamond Insert,CNMA120412,,1.2,80,12.9,12.7,4.76,0,EITHER,COATED_CARBIDE,,,,,,
Diamond Insert,CNMA120416,,1.6,80,12.9,12.7,4.76,0,EITHER,COATED_CARBIDE,,,,,,
Diamond Insert,CNMA190616,,1.6,80,19.3,19.05,6.35,0,EITHER,COATED_CARBIDE,,,,,,
Diamond Insert,CNMG090308,,0.8,80,9,9.525,3.18,0,EITHER,COATED_CARBIDE,,,,,,
Diamond Insert,CNMG120404,,0.4,80,12.9,12.7,4.76,0,EITHER,COATED_CARBIDE,,,,,,
Diamond Insert,CNMG120408,,0.8,80,12.9,12.7,4.76,0,EITHER,COATED_CARBIDE,,,,,,
Diamond Insert,CNMG120412,,1.2,80,12.9,12.7,4.76,0,EITHER,COATED_CARBIDE,,,,,,
Diamond Insert,CNMG190612,,1.2,80,19.3,19.05,6.35,0,EITHER,COATED_CARBIDE,,,,,,
Diamond Insert,DNMG150604,,0.4,55,15.5,12.7,6.35,0,EITHER,COATED_CARBIDE,,,,,
Diamond Insert,DNMG150608,,0.8,55,15.5,12.7,6.35,0,EITHER,COATED_CARBIDE,,,,,
Diamond Insert,CCGX060202,,0.2,80,6.45,6.35,2.38,7,EITHER,COATED_CARBIDE,,,,,
Diamond Insert,CCGX060204,,0.4,80,6.45,6.35,2.38,7,EITHER,COATED_CARBIDE,,,,,
Diamond Insert,CCMT060204,,0.4,80,6.45,6.35,2.38,7,EITHER,COATED_CARBIDE,,,,,
Diamond Insert,CCMT060208,,0.8,80,6.45,6.35,2.38,7,EITHER,COATED_CARBIDE,,,,,
Diamond Insert,CCMT090304,,0.4,80,9.67,9.525,3.18,7,EITHER,COATED_CARBIDE,,,,,
Diamond Insert,CCMT090308,,0.8,80,9.67,9.525,3.18,7,EITHER,COATED_CARBIDE,,,,,
Diamond Insert,CCMT09T304,,0.4,80,9.67,9.525,3.97,7,EITHER,COATED_CARBIDE,,,,,
Diamond Insert,CCMT09T308,,0.8,80,9.67,9.525,3.97,7,EITHER,COATED_CARBIDE,,,,,
Diamond Insert,CCMT120408,,0.8,80,12.9,12.7,4.76,7,EITHER,COATED_CARBIDE,,,,,
Diamond Insert,CCMT120404,,0.4,80,12.9,12.7,4.76,7,EITHER,COATED_CARBIDE,,,,,
Diamond Insert,CCMT160508,,0.8,80,16.1,15.875,5.56,7,EITHER,COATED_CARBIDE,,,,,
Diamond Insert,DCMT070202,,0.2,55,7.75,6.35,2.38,7,EITHER,COATED_CARBIDE,,,,,
Diamond Insert,DCMT070204,,0.4,55,7.75,6.35,2.38,7,EITHER,COATED_CARBIDE,,,,,
Diamond Insert,DCMT11T304,,0.4,55,11.63,9.525,3.97,7,EITHER,COATED_CARBIDE,,,,,
Diamond Insert,DCMT11T308,,0.8,55,11.63,9.525,3.97,7,EITHER,COATED_CARBIDE,,,,,
Diamond Insert,DCMT150404,,0.4,55,15.5,12.7,4.76,7,EITHER,COATED_CARBIDE,,,,,
Diamond Insert,DCMT150408,,0.8,55,15.5,12.7,4.76,7,EITHER,COATED_CARBIDE,,,,,
Diamond Insert,DCMT150412,,1.2,55,15.5,12.7,4.76,7,EITHER,COATED_CARBIDE,,,,,
Diamond Insert,VBMT110308,,0.8,35,11,6.35,3.18,5,EITHER,COATED_CARBIDE,,,,,
Diamond Insert,VBMT160404,,0.4,35,16.6,9.525,4.76,5,EITHER,COATED_CARBIDE,,,,,
END,,,,,,,,,,,,,,,

ENDCHAPTER,MfgTriangularInsert,,,,,,,,,,,,,,
Keywords,MFG_NAME,MFG_COMMENT,MFG_NOSE_RADIUS,MFG_INSERT_LGTH,MFG_INSCRIB_DIAM,MFG_INSERT_THICK,MFG_CLEAR_ANGLE,MFG_MACH_QUALITY,MFG_INSERT_MAT,MFG_LIFE_TIME,MFG_VC_FINISH,MFG_SZ_FINISH,MFG_VC_ROUGH,MFG_SZ_ROUGH,MFG_MAX_FEEDRATE
Types,String,String,mm,mm,mm,mm,deg,String,String,s,mm_mn,mm_turn,mm_mn,mm_turn,mm_mn
Triangular Insert,TNMA160404,TNMA160404,0.4,16.5,9.525,4.76,0,EITHER,COATED_CARBIDE,,,,,,
Triangular Insert,TNMA160408,TNMA160408,0.8,16.5,9.525,4.76,0,EITHER,COATED_CARBIDE,,,,,,
Triangular Insert,TNMA160412,TNMA160412,1.2,16.5,9.525,4.76,0,EITHER,COATED_CARBIDE,,,,,,
Triangular Insert,TNMA160416,TNMA160416,1.6,16.5,9.525,4.76,0,EITHER,COATED_CARBIDE,,,,,,
Triangular Insert,TNMG160404,TNMG160404,0.4,16.5,9.525,4.76,0,EITHER,COATED_CARBIDE,,,,,,
Triangular Insert,TNMG160408,TNMG160408,0.8,16.5,9.525,4.76,0,EITHER,COATED_CARBIDE
Triangular Insert,TNMG220404,TNMG220404,0.4,22,12.7,4.76,0,EITHER,COATED_CARBIDE
Triangular Insert,TNMG220408,TNMG220408,0.8,22,12.7,4.76,0,EITHER,COATED_CARBIDE
Triangular Insert,TNMG220412,TNMG220412,1.2,22,12.7,4.76,0,EITHER,COATED_CARBIDE
Triangular Insert,TCGW110204,TCGW11024,0.4,11,6.35,2.38,7,EITHER,COATED_CARBIDE
Triangular Insert,TCMT110304,TCMT110304,0.4,11,6.35,3.18,7,EITHER,COATED_CARBIDE
Triangular Insert,TCMT110308,TCMT110308,0.8,11,6.35,3.18,7,EITHER,COATED_CARBIDE
Triangular Insert,TCMT16T304,TCMT16T304,0.4,16.5,9.525,3.97,7,EITHER,COATED_CARBIDE
Triangular Insert,TCMT16T308,TCMT16T308,0.8,16.5,9.525,3.97,7,EITHER,COATED_CARBIDE
Triangular Insert,TCMT220408,TCMT220408,0.8,22,12.7,4.76,7,EITHER,COATED_CARBIDE
Triangular Insert,TPMR110304,TPMR110304,0.4,11,6.35,3.18,11,EITHER,COATED_CARBIDE
Triangular Insert,TPMR110308,TPMR110308,0.8,11,6.35,3.18,11,EITHER,COATED_CARBIDE
Triangular Insert,TPMR160304,TPMR160304,0.4,16.5,9.525,3.18,11,EITHER,COATED_CARBIDE
Triangular Insert,TPMR160308,TPMR160308,0.8,16.5,9.525,3.18,11,EITHER,COATED_CARBIDE
END,,,,,,,,,

ENDCHAPTER,MfgTrigonInsert,,,,,,,,,,,,,,
Keywords,MFG_NAME,MFG_COMMENT,MFG_NOSE_RADIUS,MFG_INSERT_LGTH,MFG_INSCRIB_DIAM,MFG_INSERT_THICK,MFG_CLEAR_ANGLE,MFG_MACH_QUALITY,MFG_INSERT_MAT,MFG_LIFE_TIME,MFG_VC_FINISH,MFG_SZ_FINISH,MFG_VC_ROUGH,MFG_SZ_ROUGH,MFG_MAX_FEEDRATE
Types,String,String,mm,mm,mm,mm,deg,String,String,s,mm_mn,mm_turn,mm_mn,mm_turn,mm_mn
Trigon Insert,WNMA080404,,0.4,8.72,12.7,4.76,0,EITHER,COATED_CARBIDE,,,,,,
Trigon Insert,WNMA080408,,0.8,8.72,12.7,4.76,0,EITHER,COATED_CARBIDE,,,,,,
Trigon Insert,WNMA080412,,1.2,8.72,12.7,4.76,0,EITHER,COATED_CARBIDE,,,,,,
Trigon Insert,WCMT030202,,0.2,3.8,5.56,2.38,7,EITHER,COATED_CARBIDE,,,,,,
Trigon Insert,WCMT040202,,0.2,4.3,6.35,2.38,7,EITHER,COATED_CARBIDE,,,,,,
Trigon Insert,WCMT040204,,0.4,4.3,6.35,2.38,7,EITHER,COATED_CARBIDE,,,,,,
Trigon Insert,WCMT06T304,,0.4,6.5,9.525,3.97,7,EITHER,COATED_CARBIDE,,,,,,
Trigon Insert,WCMT06T308,,0.8,6.5,9.525,3.97,7,EITHER,COATED_CARBIDE,,,,,,
Trigon Insert,WCMT080404,,0.4,8.72,12.7,4.76,7,EITHER,COATED_CARBIDE,,,,,,
Trigon Insert,WCMT080408,,0.8,8.72,12.7,4.76,7,EITHER,COATED_CARBIDE,,,,,,
Trigon Insert,WCMT080412,,1.2,8.72,12.7,4.76,7,EITHER,COATED_CARBIDE,,,,,,
END,,,,,,,,,,,,,,,

ENDCHAPTER,MfgThreadInsert,,,,,,,,,,,,,,,,,,
Keywords,MFG_NAME,MFG_COMMENT,MFG_NOSE_RADIUS,MFG_INSERT_LGTH,MFG_INSERT_THICK,MFG_THREAD_PROF,MFG_THREAD_DEF,MFG_PITCH_OF_THREAD,MFG_PITCH_NUMBER,MFG_THREAD_ANGLE,MFG_HAND_STYLE,MFG_TOOTH_X,MFG_TOOTH_Z,MFG_TOOTH_H,MFG_MACH_QUALITY,MFG_INSERT_MAT,MFG_LIFE_TIME,MFG_VC_FINISH,MFG_SZ_FINISH
Types,String,String,mm,mm,mm,String,String,mm,Integer,deg,String,mm,mm,mm,String,String,s,mm_mn,mm_turn
Thread Insert,L166.0G-16MM01-150,,0,16,3.97,ISO,,1.5,,,LEFT_HAND,1.32,1,0,60,OTHER,,,
Thread Insert,L166.0G-16TR01F150,,0,16,3.97,TRAPEZ,,1.5,,,LEFT_HAND,1.37,1,0,30,OTHER,,,
Thread Insert,L166.0G-22TR01F400,,0,22,5.56,TRAPEZ,,4,,,LEFT_HAND,1.42,1.9,0,30,OTHER,,,
Thread Insert,L166.0G-16NT01-140,,0,16,3.97,,,46.082966,,,LEFT_HAND,1.03,1.2,0,60,OTHER,,,
Thread Insert,L166.0G-16WH01-280,,0,16,3.97,,,23.041356,,,LEFT_HAND,1.32,0.8,0,55,OTHER,,,
Thread Insert,L166.0G-22WH01-070,,0,22,5.56,,,92.165678,,,LEFT_HAND,1.6,2.5,0,55,OTHER,,,
Thread Insert,R166.0G-16MM01-150,,0,16,3.97,TRAPEZ,,1.5,,,RIGHT_HAND,1.32,1,0,60,OTHER,,,
Thread Insert,R166.0G-22MM01-350,,0,22,5.56,TRAPEZ,,3.5,,,RIGHT_HAND,1.67,2.5,0,60,OTHER,,,
Thread Insert,R166.0G-16TR01F150,,0,16,3.97,TRAPEZ,,1.5,,,RIGHT_HAND,1.37,1,0,30,OTHER,,,
Thread Insert,R166.0G-22TR01F400,,0,22,5.56,TRAPEZ,,4,,,RIGHT_HAND,1.42,1.9,0,30,OTHER,,,
Thread Insert,R166.0G-16NT01-140,,0,16,3.97,,,46.082966,,,RIGHT_HAND,1.03,1.2,0,60,OTHER,,,
Thread Insert,R166.0G-16WH01-280,,0,16,3.97,,,23.041356,,,RIGHT_HAND,1.32,0.8,0,55,OTHER,,,
Thread Insert,R166.0G-22WH01-070,,0,22,5.56,,,92.165678,,,RIGHT_HAND,1.67,2.5,0,55,OTHER,,,
Thread Insert,L166.0L-11MM01-050,,0,11,3.17,ISO,,0.5,,,LEFT_HAND,0.72,0.5,0,60,OTHER
Thread Insert,L166.0L-16MM01-150,,0,16,3.97,ISO,,1.5,,,LEFT_HAND,1.3,1,0,60,OTHER
Thread Insert,L166.0L-22MM01-350,,0,16,3.97,ISO,,3.5,,,LEFT_HAND,1.3,1,0,60,OTHER
Thread Insert,L166.0L-16TR01F150,,0,16,3.97,TRAPEZ,,1.5,,,LEFT_HAND,1.4,1,0,30,OTHER
Thread Insert,L166.0L-22TR01F400,,0,22,5.56,TRAPEZ,,4,,,LEFT_HAND,1.45,1.9,0,30,OTHER
Thread Insert,L166.0L-16NT01-140,,0,16,3.97,,,46.082966,,,LEFT_HAND,1.01,1.2,0,60,OTHER
Thread Insert,L166.0L-16WH01-280,,0,16,3.97,,,23.041356,,,LEFT_HAND,1.3,0.8,0,55,OTHER
Thread Insert,L166.0L-22WH01-070,,0,22,5.56,,,92.165678,,,LEFT_HAND,1.64,2.5,0,55,OTHER
Thread Insert,R166.0L-11MM01-050,,0,11,3.17,ISO,,0.5,,,RIGHT_HAND,0.72,0.5,0,60,OTHER
Thread Insert,R166.0L-16MM01-150,,0,16,3.97,ISO,,1.5,,,RIGHT_HAND,1.3,1,0,60,OTHER
Thread Insert,R166.0L-22MM01-350,,0,16,3.97,ISO,,3.5,,,RIGHT_HAND,1.3,1,0,60,OTHER
Thread Insert,R166.0L-16TR01F150,,0,16,3.97,TRAPEZ,,1.5,,,RIGHT_HAND,1.4,1,0,30,OTHER
Thread Insert,R166.0L-22TR01F400,,0,22,5.56,TRAPEZ,,4,,,RIGHT_HAND,1.45,1.9,0,30,OTHER
Thread Insert,R166.0L-16NT01-140,,0,16,3.97,,,46.082966,,,RIGHT_HAND,1.01,1.2,0,60,OTHER
Thread Insert,R166.0L-16WH01-280,,0,16,3.97,,,23.041356,,,RIGHT_HAND,1.3,0.8,0,55,OTHER
Thread Insert,R166.0L-22WH01-070,,0,22,5.56,,,92.165678,,,RIGHT_HAND,1.64,2.5,0,55,OTHER
END,,,,,,,,,,,,,,,,,,

ENDCHAPTER,MfgGrooveInsert,,,,,,,,,,,,,,,,,
Keywords,MFG_NAME,MFG_COMMENT,MFG_INSERT_THICK,MFG_CLEAR_ANGLE,MFG_INSERT_HEIGH,MFG_INSERT_WIDTH,MFG_BOTTOM_ANGLE,MFG_FLANK_ANG_1,MFG_FLANK_ANG_2,MFG_NOSE_RAD_1,MFG_NOSE_RAD_2,MFG_MACH_QUALITY,MFG_INSERT_MAT,MFG_VC_FINISH,MFG_SZ_FINISH,MFG_VC_ROUGH,MFG_SZ_ROUGH,MFG_MAX_FEEDRATE
Types,String,String,mm,deg,mm,mm,deg,deg,deg,mm,mm,String,String,mm_mn,mm_turn,mm_mn,mm_turn,mm_mn
Groove Insert,L151.2-30005-4E,,7,7,5.6,3,5,2.5,2.5,0.3,0.3,EITHER,COATED_CARBIDE,,,,,
Groove Insert,L151.2-40005-4E,,7,7,7,4,5,2.5,2.5,0.3,0.3,EITHER,COATED_CARBIDE,,,,,
Groove Insert,L151.2-50005-4E,,7,7,7,5,5,2.5,2.5,0.3,0.3,EITHER,COATED_CARBIDE,,,,,
Groove Insert,L151.2-60005-4E,,8,7,8.6,6,5,2.5,2.5,0.3,0.3,EITHER,COATED_CARBIDE,,,,,
Groove Insert,GX09-1E2.00N0.20,,2.5,6,1.5,2,0,2.5,2.5,0.2,0.2,EITHER,COATED_CARBIDE,,,,,
Groove Insert,GX09-1E2.50N0.20,,2.5,6,1.5,2.5,0,2.5,2.5,0.2,0.2,EITHER,COATED_CARBIDE,,,,,
Groove Insert,GX09-2E3.00N0.30,,2.5,6,1.2,3,0,2.5,2.5,1.2,1.2,EITHER,COATED_CARBIDE,,,,,
Groove Insert,GX09-2E3.50N0.30,,2.5,6,2,3.5,0,2.5,2.5,0.3,0.3,EITHER,COATED_CARBIDE,,,,,
Groove Insert,GX24-2E3.00N0.30,,2.5,6,2,3,0,2.5,2.5,0.3,0.3,EITHER,COATED_CARBIDE,,,,,
END,,,,,,,,,,,,,,,,,,

ENDCHAPTER,NC_CORRECTORS,,,,,
Keywords,MFG_TOOL_NAME,MFG_SITE_TYP,MFG_SITE_NUM,MFG_LNG_NUM,MFG_RAD_NUM,MFG_CMP_TL_DIAM
Types,String,String,Integer,Integer,Integer,mm
NC_CORRECTORS,Multi Diameter Drill Tool D10,P2,2,2,1,4.2
END,,,,,,
